Player,salary,Season,Position,Age,Team,Games Played,Games Started,Minutes Played,Field Goals Made,Field Goals Attempted,Field Goals Percentage,Three Pointers Made,Three Pointers Attempted,Three Pointers Percentage,Two Pointers Made,Two Pointers Attempted,Two Pointers Percentage,Effective Field Goal Percentage,Free Throws Made,Free Throws Attempted,Free Throw Percentage,Offensive Rebounds,Defensive Rebounds,Total Rebounds,Assists,Steals,Blocks,Turnovers,Personal Fouls,Points Scored
Stephen Curry,45780966,2022,PG,33,GSW,64,64.0,2211.0,535,1224,0.437,285.0,750.0,0.38,250,474,0.527,0.554,275,298,0.923,34.0,301.0,335.0,404,85.0,23.0,206.0,130,1630
James Harden,44310840,2022,PG,32,TOT,65,65.0,2419.0,407,992,0.41,148.0,448.0,0.33,259,544,0.476,0.485,470,536,0.877,55.0,445.0,500.0,667,82.0,36.0,284.0,153,1432
Russell Westbrook,44211146,2022,PG,33,LAL,78,78.0,2678.0,548,1233,0.444,79.0,265.0,0.298,469,968,0.485,0.476,266,399,0.667,110.0,470.0,580.0,550,75.0,20.0,295.0,235,1441
Kevin Durant,42018900,2022,PF,33,BRK,55,55.0,2047.0,578,1115,0.518,115.0,300.0,0.383,463,815,0.568,0.57,372,409,0.91,29.0,378.0,407.0,351,48.0,52.0,191.0,113,1643
LeBron James,41180544,2022,C,37,LAL,56,56.0,2084.0,640,1221,0.524,161.0,448.0,0.359,479,773,0.62,0.59,254,336,0.756,63.0,396.0,459.0,349,73.0,59.0,196.0,121,1695
Paul George,39344970,2022,PF,31,LAC,31,31.0,1077.0,268,636,0.421,91.0,257.0,0.354,177,379,0.467,0.493,127,148,0.858,12.0,201.0,213.0,176,67.0,13.0,126.0,74,754
Giannis Antetokounmpo,39344900,2022,PF,27,MIL,67,67.0,2204.0,689,1245,0.553,71.0,242.0,0.293,618,1003,0.616,0.582,553,766,0.722,134.0,644.0,778.0,388,72.0,91.0,219.0,212,2002
Damian Lillard,39344900,2022,PG,31,POR,29,29.0,1056.0,222,552,0.402,92.0,284.0,0.324,130,268,0.485,0.486,159,181,0.878,13.0,107.0,120.0,212,17.0,11.0,83.0,37,695
Klay Thompson,37980720,2022,SG,31,GSW,32,32.0,941.0,246,573,0.429,114.0,296.0,0.385,132,277,0.477,0.529,46,51,0.902,15.0,110.0,125.0,88,16.0,17.0,43.0,54,652
Jimmy Butler,36016200,2022,SF,32,MIA,57,57.0,1931.0,398,829,0.48,27.0,116.0,0.233,371,713,0.52,0.496,396,455,0.87,102.0,234.0,336.0,312,94.0,27.0,121.0,88,1219
Tobias Harris,35995950,2022,PF,29,PHI,73,73.0,2543.0,493,1022,0.482,101.0,275.0,0.367,392,747,0.525,0.532,170,202,0.842,77.0,419.0,496.0,252,47.0,43.0,116.0,164,1257
Khris Middleton,35500000,2022,SF,30,MIL,66,66.0,2141.0,452,1021,0.443,162.0,434.0,0.373,290,587,0.494,0.522,259,291,0.89,41.0,315.0,356.0,358,76.0,18.0,190.0,160,1325
Anthony Davis,35361360,2022,C,28,LAL,40,40.0,1404.0,370,695,0.532,13.0,70.0,0.186,357,625,0.571,0.542,174,244,0.713,106.0,288.0,394.0,122,49.0,90.0,82.0,97,927
Rudy Gobert,35344828,2022,C,29,UTA,66,66.0,2120.0,362,508,0.713,0.0,4.0,0.0,362,504,0.718,0.713,303,439,0.69,241.0,727.0,968.0,72,45.0,137.0,119.0,176,1027
Kyrie Irving,35328700,2022,PG,29,BRK,29,29.0,1091.0,289,616,0.469,100.0,239.0,0.418,189,377,0.501,0.55,118,129,0.915,16.0,111.0,127.0,167,41.0,17.0,73.0,81,796
Kemba Walker,34967442,2022,PG,31,NYK,37,37.0,948.0,149,370,0.403,73.0,199.0,0.367,76,171,0.444,0.501,60,71,0.845,14.0,97.0,111.0,131,26.0,7.0,48.0,37,431
Bradley Beal,33724200,2022,SG,28,WAS,40,40.0,1439.0,348,771,0.451,63.0,210.0,0.3,285,561,0.508,0.492,169,203,0.833,38.0,151.0,189.0,265,36.0,15.0,135.0,95,928
Pascal Siakam,33003936,2022,PF,27,TOR,68,68.0,2578.0,596,1207,0.494,75.0,218.0,0.344,521,989,0.527,0.525,284,379,0.749,128.0,452.0,580.0,360,85.0,42.0,181.0,225,1551
Blake Griffin,32405817,2022,C,32,BRK,56,24.0,958.0,133,313,0.425,38.0,145.0,0.262,95,168,0.565,0.486,55,76,0.724,60.0,168.0,228.0,105,27.0,14.0,31.0,95,359
Karl-Anthony Towns,31650600,2022,C,26,MIN,74,74.0,2476.0,642,1214,0.529,150.0,366.0,0.41,492,848,0.58,0.591,384,467,0.822,194.0,533.0,727.0,269,72.0,83.0,226.0,267,1818
Devin Booker,31650600,2022,SG,25,PHO,68,68.0,2345.0,662,1421,0.466,183.0,478.0,0.383,479,943,0.508,0.53,315,363,0.868,45.0,297.0,342.0,329,77.0,26.0,162.0,180,1822
Andrew Wiggins,31579390,2022,SF,26,GSW,73,73.0,2329.0,475,1019,0.466,157.0,399.0,0.393,318,620,0.513,0.543,149,235,0.634,85.0,240.0,325.0,161,76.0,51.0,111.0,158,1256
Joel Embiid,31579390,2022,C,27,PHI,68,68.0,2297.0,666,1334,0.499,93.0,251.0,0.371,573,1083,0.529,0.534,654,803,0.814,146.0,650.0,796.0,284,77.0,99.0,214.0,181,2079
Kevin Love,31258256,2022,C,33,CLE,74,4.0,1665.0,327,761,0.43,187.0,477.0,0.392,140,284,0.493,0.553,166,198,0.838,87.0,449.0,536.0,160,26.0,18.0,98.0,101,1007
Jrue Holiday,31171333,2022,PG,31,MIL,67,64.0,2207.0,478,954,0.501,132.0,321.0,0.411,346,633,0.547,0.57,137,180,0.761,69.0,232.0,301.0,457,108.0,29.0,183.0,133,1225
CJ McCollum,30864198,2022,SG,30,TOT,62,62.0,2145.0,536,1164,0.46,182.0,469.0,0.388,354,695,0.509,0.539,116,170,0.682,53.0,216.0,269.0,315,70.0,22.0,127.0,121,1370
Chris Paul,30800000,2022,PG,36,PHO,65,65.0,2139.0,363,736,0.493,63.0,199.0,0.317,300,537,0.559,0.536,169,202,0.837,22.0,261.0,283.0,702,121.0,20.0,153.0,134,958
D'Angelo Russell,30013500,2022,PG,25,MIN,65,65.0,2077.0,401,975,0.411,176.0,518.0,0.34,225,457,0.492,0.502,198,240,0.825,25.0,191.0,216.0,460,62.0,22.0,165.0,130,1176
Gordon Hayward,29925000,2022,SF,31,CHO,49,48.0,1564.0,283,617,0.459,86.0,220.0,0.391,197,397,0.496,0.528,126,149,0.846,38.0,186.0,224.0,177,47.0,22.0,81.0,85,778
Brandon Ingram,29467800,2022,SF,24,NOP,55,55.0,1869.0,453,983,0.461,74.0,226.0,0.327,379,757,0.501,0.498,266,322,0.826,35.0,285.0,320.0,307,34.0,26.0,151.0,119,1246
Jayson Tatum,28103500,2022,SF,23,BOS,76,76.0,2731.0,708,1564,0.453,230.0,651.0,0.353,478,913,0.524,0.526,400,469,0.853,85.0,524.0,609.0,334,75.0,49.0,217.0,174,2046
Bam Adebayo,28103500,2022,C,24,MIA,56,56.0,1825.0,406,729,0.557,0.0,6.0,0.0,406,723,0.562,0.557,256,340,0.753,137.0,427.0,564.0,190,80.0,44.0,148.0,171,1068
De'Aaron Fox,28103500,2022,PG,24,SAC,59,59.0,2083.0,516,1092,0.473,74.0,249.0,0.297,442,843,0.524,0.506,261,348,0.75,25.0,206.0,231.0,330,68.0,25.0,168.0,172,1367
Donovan Mitchell,28103500,2022,SG,25,UTA,67,67.0,2266.0,617,1376,0.448,232.0,654.0,0.355,385,722,0.533,0.533,267,313,0.853,55.0,227.0,282.0,358,99.0,12.0,200.0,164,1733
Al Horford,27000000,2022,C,35,BOS,69,69.0,2005.0,266,569,0.467,89.0,265.0,0.336,177,304,0.582,0.546,80,95,0.842,108.0,422.0,530.0,232,49.0,92.0,65.0,130,701
Kyle Lowry,26984128,2022,PG,35,MIA,63,63.0,2133.0,276,627,0.44,144.0,382.0,0.377,132,245,0.539,0.555,148,174,0.851,33.0,249.0,282.0,474,67.0,17.0,168.0,177,844
Jaylen Brown,26758928,2022,SF,25,BOS,66,66.0,2220.0,576,1217,0.473,166.0,464.0,0.358,410,753,0.544,0.541,241,318,0.758,53.0,351.0,404.0,231,70.0,18.0,178.0,163,1559
DeMar DeRozan,26000000,2022,PF,32,CHI,76,76.0,2743.0,774,1535,0.504,50.0,142.0,0.352,724,1393,0.52,0.521,520,593,0.877,56.0,336.0,392.0,374,68.0,24.0,181.0,178,2118
Draymond Green,24026712,2022,PF,31,GSW,46,44.0,1329.0,135,257,0.525,16.0,54.0,0.296,119,203,0.586,0.556,60,91,0.659,45.0,291.0,336.0,320,61.0,50.0,139.0,136,346
Buddy Hield,23073234,2022,SG,29,TOT,81,32.0,2499.0,446,1098,0.406,262.0,716.0,0.366,184,382,0.482,0.526,111,127,0.874,66.0,287.0,353.0,229,73.0,25.0,153.0,184,1265
John Collins,23000000,2022,PF,24,ATL,54,53.0,1663.0,339,644,0.526,64.0,176.0,0.364,275,468,0.588,0.576,134,169,0.793,93.0,329.0,422.0,98,33.0,56.0,60.0,164,876
Malcolm Brogdon,21700000,2022,PG,29,IND,36,36.0,1206.0,243,543,0.448,58.0,186.0,0.312,185,357,0.518,0.501,143,167,0.856,33.0,152.0,185.0,212,30.0,14.0,77.0,71,687
Mike Conley,21000000,2022,PG,34,UTA,72,72.0,2058.0,344,791,0.435,169.0,414.0,0.408,175,377,0.464,0.542,129,162,0.796,47.0,170.0,217.0,385,96.0,21.0,123.0,142,986
Gary Harris,20932143,2022,SG,27,ORL,61,30.0,1730.0,240,553,0.434,116.0,302.0,0.384,124,251,0.494,0.539,83,95,0.874,36.0,86.0,122.0,108,59.0,9.0,61.0,112,679
Danilo Gallinari,20475000,2022,PF,33,ATL,66,18.0,1672.0,259,597,0.434,112.0,294.0,0.381,147,303,0.485,0.528,141,156,0.904,35.0,273.0,308.0,101,28.0,12.0,38.0,93,771
Harrison Barnes,20284091,2022,PF,29,SAC,77,77.0,2587.0,391,834,0.469,142.0,360.0,0.394,249,474,0.525,0.554,341,413,0.826,82.0,350.0,432.0,186,53.0,14.0,118.0,94,1265
Jerami Grant,20002500,2022,PF,27,DET,47,47.0,1500.0,298,699,0.426,91.0,254.0,0.358,207,445,0.465,0.491,217,259,0.838,28.0,163.0,191.0,111,44.0,49.0,85.0,107,904
Jarrett Allen,20000000,2022,C,23,CLE,56,56.0,1809.0,369,545,0.677,1.0,10.0,0.1,368,535,0.688,0.678,165,233,0.708,192.0,410.0,602.0,92,44.0,75.0,94.0,97,904
Julius Randle,19800000,2022,PF,27,NYK,72,72.0,2544.0,512,1246,0.411,120.0,390.0,0.308,392,856,0.458,0.459,303,401,0.756,125.0,591.0,716.0,370,53.0,39.0,245.0,205,1447
Fred VanVleet,19675926,2022,PG,27,TOR,65,65.0,2462.0,442,1097,0.403,242.0,642.0,0.377,200,455,0.44,0.513,194,222,0.874,44.0,245.0,289.0,434,111.0,35.0,170.0,162,1320
Zach LaVine,19500000,2022,SG,26,CHI,67,67.0,2328.0,565,1186,0.476,185.0,475.0,0.389,380,711,0.534,0.554,320,375,0.853,22.0,286.0,308.0,303,41.0,23.0,171.0,120,1635
Spencer Dinwiddie,19314284,2022,PG,28,TOT,67,51.0,1980.0,306,735,0.416,112.0,330.0,0.339,194,405,0.479,0.493,195,252,0.774,45.0,234.0,279.0,346,44.0,13.0,104.0,150,919
Lonzo Ball,18604651,2022,PG,24,CHI,35,35.0,1212.0,162,383,0.423,110.0,260.0,0.423,52,123,0.423,0.567,21,28,0.75,35.0,155.0,190.0,178,64.0,31.0,82.0,85,455
Domantas Sabonis,18500000,2022,PF,25,TOT,62,61.0,2136.0,443,773,0.573,39.0,125.0,0.312,404,648,0.623,0.598,246,332,0.741,201.0,551.0,752.0,323,59.0,27.0,195.0,203,1171
Eric Gordon,18218818,2022,SG,33,HOU,57,46.0,1669.0,268,564,0.475,124.0,301.0,0.412,144,263,0.548,0.585,105,135,0.778,15.0,98.0,113.0,154,28.0,18.0,107.0,63,765
Eric Bledsoe,18125000,2022,PG,32,LAC,54,29.0,1361.0,197,468,0.421,51.0,163.0,0.313,146,305,0.479,0.475,89,117,0.761,28.0,154.0,182.0,225,69.0,19.0,116.0,85,534
Myles Turner,18000000,2022,C,25,IND,42,42.0,1235.0,200,393,0.509,61.0,183.0,0.333,139,210,0.662,0.587,79,105,0.752,65.0,232.0,297.0,44,28.0,118.0,54.0,119,540
Terry Rozier,17905263,2022,SG,27,CHO,73,73.0,2458.0,518,1167,0.444,222.0,593.0,0.374,296,574,0.516,0.539,150,176,0.852,56.0,259.0,315.0,326,93.0,25.0,96.0,119,1408
Ricky Rubio,17800000,2022,PG,31,CLE,34,8.0,970.0,149,411,0.363,59.0,174.0,0.339,90,237,0.38,0.434,88,103,0.854,15.0,126.0,141.0,225,49.0,7.0,90.0,75,445
Clint Capela,17603448,2022,C,27,ATL,74,73.0,2042.0,370,604,0.613,0.0,1.0,0.0,370,603,0.614,0.613,80,169,0.473,279.0,598.0,877.0,92,55.0,93.0,44.0,166,820
Caris LeVert,17500000,2022,SG,27,TOT,58,49.0,1781.0,379,854,0.444,82.0,256.0,0.32,297,598,0.497,0.492,146,193,0.756,43.0,171.0,214.0,248,51.0,23.0,108.0,131,986
Joe Harris,17357143,2022,SF,30,BRK,14,14.0,423.0,56,124,0.452,41.0,88.0,0.466,15,36,0.417,0.617,5,6,0.833,5.0,51.0,56.0,14,7.0,2.0,16.0,31,158
Evan Fournier,17142857,2022,SG,29,NYK,80,80.0,2358.0,402,965,0.417,241.0,619.0,0.389,161,346,0.465,0.541,80,113,0.708,34.0,176.0,210.0,171,79.0,20.0,105.0,180,1125
Steven Adams,17073171,2022,C,28,MEM,76,75.0,1999.0,210,384,0.547,0.0,1.0,0.0,210,383,0.548,0.547,108,199,0.543,349.0,411.0,760.0,256,65.0,60.0,115.0,153,528
Markelle Fultz,16500000,2022,PG,23,ORL,18,3.0,360.0,83,175,0.474,4.0,17.0,0.235,79,158,0.5,0.486,25,31,0.806,4.0,45.0,49.0,99,20.0,5.0,40.0,22,195
Aaron Gordon,16409091,2022,PF,26,DEN,75,75.0,2376.0,434,834,0.52,87.0,260.0,0.335,347,574,0.605,0.573,171,230,0.743,125.0,314.0,439.0,188,44.0,44.0,133.0,148,1126
OG Anunoby,16071429,2022,SF,24,TOR,48,48.0,1728.0,309,697,0.443,115.0,317.0,0.363,194,380,0.511,0.526,89,118,0.754,74.0,190.0,264.0,125,71.0,25.0,80.0,131,822
Lauri Markkanen,15690909,2022,SF,24,CLE,61,61.0,1878.0,313,703,0.445,136.0,380.0,0.358,177,323,0.548,0.542,138,159,0.868,59.0,286.0,345.0,81,45.0,30.0,54.0,130,900
Derrick White,15678571,2022,SG,27,TOT,75,52.0,2199.0,337,800,0.421,115.0,369.0,0.312,222,431,0.515,0.493,203,235,0.864,38.0,223.0,261.0,366,64.0,58.0,119.0,172,992
Duncan Robinson,15650000,2022,SG,27,MIA,79,68.0,2043.0,290,726,0.399,232.0,624.0,0.372,58,102,0.569,0.559,51,61,0.836,24.0,179.0,203.0,129,42.0,14.0,60.0,201,863
Marcus Morris,15627907,2022,PF,32,LAC,54,54.0,1564.0,300,691,0.434,101.0,275.0,0.367,199,416,0.478,0.507,129,148,0.872,26.0,213.0,239.0,113,28.0,18.0,69.0,115,830
Will Barton,15625000,2022,SG,31,DEN,71,71.0,2277.0,392,896,0.438,157.0,430.0,0.365,235,466,0.504,0.525,102,127,0.803,44.0,296.0,340.0,276,55.0,31.0,127.0,114,1043
Norman Powell,15517242,2022,SF-SG,28,TOT,45,41.0,1458.0,279,605,0.461,106.0,253.0,0.419,173,352,0.491,0.549,189,233,0.811,20.0,125.0,145.0,96,42.0,21.0,69.0,106,853
Dejounte Murray,15428880,2022,PG,25,SAS,68,68.0,2366.0,573,1241,0.462,96.0,294.0,0.327,477,947,0.504,0.5,196,247,0.794,80.0,483.0,563.0,627,138.0,23.0,180.0,138,1438
Malik Beasley,14491964,2022,SG,25,MIN,79,18.0,1976.0,332,850,0.391,240.0,637.0,0.377,92,213,0.432,0.532,49,60,0.817,26.0,201.0,227.0,116,43.0,12.0,43.0,88,953
Patrick Beverley,14320987,2022,PG,33,MIN,58,54.0,1476.0,177,436,0.406,83.0,242.0,0.343,94,194,0.485,0.501,96,133,0.722,62.0,178.0,240.0,268,67.0,52.0,73.0,174,533
Thaddeus Young,14190000,2022,PF,33,TOT,52,1.0,845.0,141,272,0.518,17.0,48.0,0.354,124,224,0.554,0.55,23,49,0.469,80.0,128.0,208.0,104,54.0,18.0,52.0,81,322
Marcus Smart,13839285,2022,PG,27,BOS,71,71.0,2296.0,300,718,0.418,119.0,360.0,0.331,181,358,0.506,0.501,142,179,0.793,42.0,228.0,270.0,417,119.0,18.0,159.0,160,861
Doug McDermott,13750000,2022,PF,30,SAS,51,51.0,1223.0,215,465,0.462,108.0,256.0,0.422,107,209,0.512,0.578,40,51,0.784,18.0,97.0,115.0,64,13.0,6.0,43.0,79,578
Christian Wood,13666667,2022,C,26,HOU,68,67.0,2094.0,440,878,0.501,131.0,336.0,0.39,309,542,0.57,0.576,207,332,0.623,110.0,576.0,686.0,155,54.0,65.0,126.0,171,1218
Derrick Rose,13445120,2022,PG,33,NYK,26,4.0,636.0,122,274,0.445,37.0,92.0,0.402,85,182,0.467,0.513,30,31,0.968,21.0,57.0,78.0,103,22.0,12.0,39.0,15,311
Luke Kennard,13347727,2022,SG,25,LAC,70,13.0,1919.0,287,639,0.449,190.0,423.0,0.449,97,216,0.449,0.598,69,77,0.896,20.0,209.0,229.0,146,42.0,6.0,60.0,101,833
Taurean Prince,13334375,2022,PF,27,MIN,69,8.0,1177.0,177,390,0.454,86.0,229.0,0.376,91,161,0.565,0.564,62,82,0.756,26.0,148.0,174.0,68,47.0,23.0,53.0,116,502
Brook Lopez,13302325,2022,C,33,MIL,13,11.0,298.0,61,131,0.466,19.0,53.0,0.358,42,78,0.538,0.538,20,23,0.87,19.0,34.0,53.0,6,8.0,15.0,12.0,34,161
Kentavious Caldwell-Pope,13038862,2022,SG,28,WAS,77,77.0,2329.0,361,829,0.435,159.0,408.0,0.39,202,421,0.48,0.531,137,154,0.89,41.0,220.0,261.0,145,83.0,26.0,97.0,139,1018
Joe Ingles,13036364,2022,SF,34,UTA,45,15.0,1122.0,115,285,0.404,78.0,225.0,0.347,37,60,0.617,0.54,17,22,0.773,12.0,119.0,131.0,158,23.0,5.0,46.0,82,325
Kyle Kuzma,13000000,2022,PF,26,WAS,66,66.0,2204.0,423,936,0.452,128.0,375.0,0.341,295,561,0.526,0.52,156,219,0.712,70.0,491.0,561.0,233,42.0,57.0,169.0,128,1130
Robert Covington,12975471,2022,PF,31,TOT,71,42.0,1940.0,209,498,0.42,128.0,339.0,0.378,81,159,0.509,0.548,58,69,0.841,59.0,332.0,391.0,92,103.0,91.0,75.0,190,604
Deandre Ayton,12632950,2022,C,23,PHO,58,58.0,1713.0,442,697,0.634,7.0,19.0,0.368,435,678,0.642,0.639,106,142,0.746,149.0,444.0,593.0,84,40.0,40.0,91.0,142,997
Terrence Ross,12500000,2022,SG,30,ORL,63,0.0,1448.0,220,554,0.397,77.0,264.0,0.292,143,290,0.493,0.467,112,130,0.862,20.0,141.0,161.0,116,28.0,12.0,75.0,68,629
Jordan Clarkson,12420000,2022,SG,29,UTA,79,1.0,2141.0,466,1113,0.419,190.0,597.0,0.318,276,516,0.535,0.504,144,174,0.828,67.0,206.0,273.0,194,66.0,16.0,129.0,149,1266
Dillon Brooks,12200000,2022,SF,26,MEM,32,31.0,885.0,227,526,0.432,46.0,149.0,0.309,181,377,0.48,0.475,90,106,0.849,29.0,73.0,102.0,88,36.0,8.0,50.0,105,590
Kelly Olynyk,12195122,2022,C,30,DET,40,1.0,764.0,128,286,0.448,40.0,119.0,0.336,88,167,0.527,0.517,69,89,0.775,54.0,123.0,177.0,111,31.0,19.0,58.0,100,365
Nicolas Batum,12026998,2022,PF,33,LAC,59,54.0,1462.0,179,387,0.463,108.0,270.0,0.4,71,117,0.607,0.602,25,38,0.658,29.0,225.0,254.0,100,58.0,42.0,40.0,80,491
Josh Hart,12000000,2022,SG,26,TOT,54,53.0,1791.0,287,569,0.504,73.0,213.0,0.343,214,356,0.601,0.569,160,211,0.758,62.0,326.0,388.0,224,61.0,13.0,114.0,150,807
Josh Richardson,11615328,2022,SG,28,TOT,65,7.0,1600.0,234,534,0.438,102.0,246.0,0.415,132,288,0.458,0.534,96,108,0.889,42.0,143.0,185.0,115,56.0,29.0,66.0,116,666
DeAndre Jordan,11109327,2022,C,33,TOT,48,20.0,622.0,92,143,0.643,0.0,0.0,,92,143,0.643,0.643,22,40,0.55,83.0,181.0,264.0,21,12.0,35.0,37.0,71,206
Dwight Powell,11080125,2022,C,30,DAL,82,71.0,1798.0,269,401,0.671,13.0,37.0,0.351,256,364,0.703,0.687,166,212,0.783,173.0,231.0,404.0,97,37.0,39.0,64.0,220,717
Jeremy Lamb,10500000,2022,SF-SG,29,TOT,56,0.0,935.0,133,347,0.383,55.0,170.0,0.324,78,177,0.441,0.463,89,106,0.84,26.0,128.0,154.0,81,31.0,22.0,37.0,59,410
Reggie Jackson,10384500,2022,SG,31,LAC,75,75.0,2337.0,479,1222,0.392,167.0,512.0,0.326,312,710,0.439,0.46,138,163,0.847,39.0,232.0,271.0,359,55.0,15.0,173.0,159,1263
Richaun Holmes,10384500,2022,C,28,SAC,45,37.0,1074.0,198,300,0.66,2.0,5.0,0.4,196,295,0.664,0.663,70,90,0.778,93.0,224.0,317.0,48,17.0,41.0,56.0,128,468
Anthony Edwards,10245480,2022,SG,20,MIN,72,72.0,2466.0,549,1245,0.441,215.0,602.0,0.357,334,643,0.519,0.527,220,280,0.786,62.0,281.0,343.0,275,105.0,46.0,190.0,164,1533
Cade Cunningham,10050120,2022,SG,20,DET,64,64.0,2088.0,429,1031,0.416,114.0,363.0,0.314,315,668,0.472,0.471,142,168,0.845,58.0,296.0,354.0,356,78.0,43.0,234.0,200,1114
Danny Green,10000000,2022,SF,34,PHI,62,28.0,1353.0,126,320,0.394,103.0,271.0,0.38,23,49,0.469,0.555,11,14,0.786,32.0,125.0,157.0,64,60.0,37.0,45.0,105,366
Tristan Thompson,9946611,2022,PF,30,TOT,57,6.0,897.0,141,267,0.528,1.0,3.0,0.333,140,264,0.53,0.53,61,116,0.526,120.0,168.0,288.0,34,23.0,21.0,45.0,98,344
Kyle Anderson,9937150,2022,PF,28,MEM,69,11.0,1484.0,209,469,0.446,36.0,109.0,0.33,173,360,0.481,0.484,67,105,0.638,69.0,299.0,368.0,183,77.0,45.0,71.0,108,521
Montrezl Harrell,9720900,2022,C,28,TOT,71,3.0,1641.0,358,555,0.645,4.0,17.0,0.235,354,538,0.658,0.649,212,296,0.716,149.0,282.0,431.0,145,29.0,43.0,72.0,137,932
Serge Ibaka,9720900,2022,C,32,TOT,54,12.0,877.0,148,296,0.5,37.0,99.0,0.374,111,197,0.563,0.563,32,44,0.727,62.0,188.0,250.0,49,11.0,33.0,43.0,102,365
Derrick Favors,9720900,2022,C,30,OKC,39,18.0,653.0,94,182,0.516,2.0,16.0,0.125,92,166,0.554,0.522,16,25,0.64,58.0,126.0,184.0,25,17.0,12.0,9.0,62,206
Jae Crowder,9720900,2022,PF,31,PHO,67,67.0,1886.0,217,544,0.399,127.0,365.0,0.348,90,179,0.503,0.516,71,90,0.789,30.0,324.0,354.0,124,95.0,30.0,55.0,173,632
Ja Morant,9603360,2022,PG,22,MEM,57,57.0,1889.0,580,1177,0.493,88.0,256.0,0.344,492,921,0.534,0.53,316,415,0.761,77.0,248.0,325.0,384,66.0,22.0,196.0,86,1564
Reggie Bullock,9536000,2022,SF,30,DAL,68,37.0,1902.0,201,501,0.401,141.0,392.0,0.36,60,109,0.55,0.542,40,48,0.833,33.0,208.0,241.0,83,41.0,14.0,40.0,111,583
Alec Burks,9536000,2022,SG,30,NYK,81,44.0,2318.0,285,728,0.391,157.0,389.0,0.404,128,339,0.378,0.499,217,264,0.822,47.0,350.0,397.0,239,85.0,26.0,91.0,215,944
Talen Horton-Tucker,9500000,2022,SG,21,LAL,60,19.0,1511.0,224,538,0.416,49.0,182.0,0.269,175,356,0.492,0.462,100,125,0.8,37.0,156.0,193.0,159,59.0,29.0,82.0,148,597
Mason Plumlee,9248333,2022,C,31,CHO,73,73.0,1793.0,205,320,0.641,0.0,2.0,0.0,205,318,0.645,0.641,67,171,0.392,176.0,389.0,565.0,226,61.0,52.0,100.0,224,477
Jalen Green,8992080,2022,SG,19,HOU,67,67.0,2138.0,406,954,0.426,157.0,458.0,0.343,249,496,0.502,0.508,188,236,0.797,33.0,193.0,226.0,176,44.0,18.0,135.0,103,1157
De'Anthony Melton,8805976,2022,SG,23,MEM,73,15.0,1657.0,281,695,0.404,139.0,372.0,0.374,142,323,0.44,0.504,90,120,0.75,64.0,264.0,328.0,194,104.0,39.0,112.0,128,791
Nerlens Noel,8800000,2022,C,27,NYK,25,11.0,562.0,32,60,0.533,0.0,3.0,0.0,32,57,0.561,0.533,21,30,0.7,48.0,93.0,141.0,23,30.0,31.0,20.0,67,85
Royce O'Neale,8800000,2022,SF,28,UTA,77,77.0,2406.0,203,444,0.457,119.0,306.0,0.389,84,138,0.609,0.591,45,56,0.804,64.0,304.0,368.0,191,86.0,32.0,79.0,183,570
Maxi Kleber,8750000,2022,PF,30,DAL,59,21.0,1450.0,141,354,0.398,83.0,255.0,0.325,58,99,0.586,0.516,46,65,0.708,70.0,280.0,350.0,68,30.0,58.0,47.0,137,411
Jakob Poeltl,8750000,2022,C,26,SAS,68,67.0,1970.0,410,663,0.618,1.0,1.0,1.0,409,662,0.618,0.619,94,190,0.495,262.0,372.0,634.0,189,45.0,118.0,109.0,212,915
Thomas Bryant,8666667,2022,C,24,WAS,27,9.0,439.0,77,148,0.52,12.0,42.0,0.286,65,106,0.613,0.561,35,40,0.875,26.0,82.0,108.0,23,6.0,21.0,19.0,43,201
RJ Barrett,8623920,2022,SF,21,NYK,70,70.0,2417.0,487,1194,0.408,138.0,404.0,0.342,349,790,0.442,0.466,290,406,0.714,66.0,342.0,408.0,208,43.0,16.0,151.0,142,1402
Alex Caruso,8600000,2022,SG,27,CHI,41,18.0,1147.0,102,256,0.398,42.0,126.0,0.333,60,130,0.462,0.48,58,73,0.795,33.0,115.0,148.0,165,71.0,15.0,57.0,106,304
Delon Wright,8526316,2022,SG,29,ATL,77,8.0,1452.0,122,269,0.454,44.0,116.0,0.379,78,153,0.51,0.535,54,63,0.857,50.0,170.0,220.0,188,93.0,19.0,45.0,56,342
Monte Morris,8449074,2022,PG,26,DEN,75,74.0,2239.0,374,773,0.484,124.0,314.0,0.395,250,459,0.545,0.564,73,84,0.869,27.0,199.0,226.0,333,56.0,14.0,78.0,92,945
Tyus Jones,8376286,2022,PG,25,MEM,73,23.0,1549.0,249,552,0.451,80.0,205.0,0.39,169,347,0.487,0.524,54,66,0.818,17.0,159.0,176.0,324,66.0,2.0,46.0,32,632
Trae Young,8326471,2022,PG,23,ATL,76,76.0,2652.0,711,1544,0.46,233.0,610.0,0.382,478,934,0.512,0.536,500,553,0.904,50.0,234.0,284.0,737,72.0,7.0,303.0,128,2155
Daniel Theis,8280351,2022,C,29,TOT,47,27.0,977.0,151,291,0.519,33.0,107.0,0.308,118,184,0.641,0.576,49,72,0.681,59.0,169.0,228.0,41,20.0,31.0,46.0,111,384
LaMelo Ball,8231760,2022,PG,20,CHO,75,75.0,2422.0,538,1254,0.429,220.0,565.0,0.389,318,689,0.462,0.517,212,243,0.872,108.0,393.0,501.0,571,119.0,30.0,245.0,237,1508
Seth Curry,8207518,2022,SG,31,TOT,64,64.0,2135.0,360,739,0.487,158.0,374.0,0.422,202,365,0.553,0.594,82,94,0.872,21.0,179.0,200.0,230,53.0,14.0,109.0,148,960
JaMychal Green,8200000,2022,PF,31,DEN,67,8.0,1085.0,159,327,0.486,33.0,124.0,0.266,126,203,0.621,0.537,81,93,0.871,81.0,200.0,281.0,59,43.0,26.0,57.0,158,432
Cedi Osman,8133334,2022,SF,26,CLE,66,3.0,1462.0,247,572,0.432,128.0,359.0,0.357,119,213,0.559,0.544,87,131,0.664,25.0,121.0,146.0,135,52.0,10.0,67.0,127,709
Evan Mobley,8075160,2022,PF,20,CLE,69,69.0,2331.0,422,830,0.508,23.0,92.0,0.25,399,738,0.541,0.522,167,252,0.663,143.0,427.0,570.0,174,56.0,115.0,133.0,147,1034
De'Andre Hunter,7775400,2022,SF,24,ATL,53,52.0,1577.0,254,575,0.442,74.0,195.0,0.379,180,380,0.474,0.506,127,166,0.765,26.0,150.0,176.0,68,36.0,21.0,69.0,155,709
Mo Bamba,7568743,2022,C,23,ORL,71,69.0,1824.0,296,617,0.48,107.0,281.0,0.381,189,336,0.563,0.566,57,73,0.781,148.0,424.0,572.0,85,38.0,118.0,77.0,182,756
Ivica Zubac,7518518,2022,C,24,LAC,76,76.0,1852.0,310,495,0.626,0.0,0.0,,310,495,0.626,0.626,165,227,0.727,217.0,427.0,644.0,120,36.0,77.0,114.0,203,785
Rajon Rondo,7500000,2022,PG,35,TOT,39,1.0,697.0,68,176,0.386,31.0,88.0,0.352,37,88,0.42,0.474,19,26,0.731,15.0,93.0,108.0,170,30.0,6.0,68.0,56,186
Patrick Williams,7422000,2022,PF,20,CHI,17,9.0,422.0,54,102,0.529,15.0,29.0,0.517,39,73,0.534,0.603,30,41,0.732,17.0,52.0,69.0,15,9.0,9.0,16.0,28,153
Cory Joseph,7310000,2022,PG,30,DET,65,39.0,1600.0,178,400,0.445,65.0,157.0,0.414,113,243,0.465,0.526,100,113,0.885,29.0,145.0,174.0,237,42.0,17.0,85.0,147,521
Scottie Barnes,7280400,2022,PF,20,TOR,74,74.0,2617.0,459,932,0.492,58.0,193.0,0.301,401,739,0.543,0.524,158,215,0.735,195.0,362.0,557.0,256,80.0,55.0,136.0,192,1134
Darius Garland,7040880,2022,PG,22,CLE,68,68.0,2430.0,542,1173,0.462,174.0,454.0,0.383,368,719,0.512,0.536,215,241,0.892,39.0,185.0,224.0,583,89.0,7.0,248.0,115,1473
Chris Boucher,7020000,2022,SF,29,TOR,80,9.0,1690.0,268,577,0.464,68.0,229.0,0.297,200,348,0.575,0.523,150,193,0.777,179.0,315.0,494.0,25,49.0,75.0,42.0,174,754
Zach Collins,7000000,2022,C,24,SAS,28,4.0,502.0,76,155,0.49,14.0,41.0,0.341,62,114,0.544,0.535,52,65,0.8,46.0,107.0,153.0,61,13.0,23.0,45.0,67,218
Isaac Okoro,6720720,2022,SF,21,CLE,67,61.0,1981.0,207,431,0.48,55.0,157.0,0.35,152,274,0.555,0.544,119,155,0.768,72.0,129.0,201.0,121,56.0,22.0,58.0,164,588
Jalen Suggs,6592920,2022,PG,20,ORL,48,45.0,1307.0,198,548,0.361,42.0,196.0,0.214,156,352,0.443,0.4,126,163,0.773,26.0,145.0,171.0,209,59.0,19.0,143.0,142,564
Cameron Payne,6500000,2022,PG,27,PHO,58,12.0,1278.0,240,587,0.409,71.0,211.0,0.336,169,376,0.449,0.469,75,89,0.843,24.0,151.0,175.0,282,40.0,17.0,103.0,119,626
Jarrett Culver,6395160,2022,SG,22,MEM,37,0.0,338.0,51,135,0.378,12.0,47.0,0.255,39,88,0.443,0.422,16,34,0.471,13.0,35.0,48.0,33,20.0,5.0,20.0,42,130
Khem Birch,6350000,2022,C,29,TOR,55,28.0,991.0,97,200,0.485,0.0,14.0,0.0,97,186,0.522,0.485,53,71,0.746,122.0,117.0,239.0,56,30.0,26.0,29.0,104,247
Collin Sexton,6349671,2022,SG,23,CLE,11,11.0,316.0,68,151,0.45,11.0,45.0,0.244,57,106,0.538,0.487,29,39,0.744,13.0,23.0,36.0,23,10.0,0.0,31.0,25,176
Onyeka Okongwu,6104280,2022,C,21,ATL,48,6.0,992.0,156,226,0.69,0.0,0.0,,156,226,0.69,0.69,80,110,0.727,115.0,168.0,283.0,53,31.0,60.0,44.0,149,392
Justin Holiday,6006420,2022,SF-SG,32,TOT,74,65.0,2057.0,261,662,0.394,177.0,482.0,0.367,84,180,0.467,0.528,50,62,0.806,29.0,161.0,190.0,128,57.0,33.0,70.0,154,749
Josh Giddey,5988000,2022,SF,19,OKC,54,54.0,1700.0,281,670,0.419,56.0,213.0,0.263,225,457,0.492,0.461,56,79,0.709,98.0,323.0,421.0,345,51.0,20.0,171.0,88,674
Rudy Gay,5890000,2022,PF,35,UTA,55,1.0,1038.0,157,379,0.414,70.0,203.0,0.345,87,176,0.494,0.507,62,79,0.785,55.0,187.0,242.0,56,25.0,19.0,47.0,95,446
Kevin Knox,5845978,2022,SF,22,TOT,30,0.0,222.0,31,85,0.365,15.0,54.0,0.278,16,31,0.516,0.453,16,22,0.727,14.0,30.0,44.0,10,4.0,2.0,7.0,19,93
Coby White,5837760,2022,PG,21,CHI,61,17.0,1675.0,279,644,0.433,136.0,353.0,0.385,143,291,0.491,0.539,78,91,0.857,17.0,165.0,182.0,176,29.0,11.0,70.0,137,772
Killian Hayes,5572680,2022,PG,20,DET,66,40.0,1647.0,176,459,0.383,44.0,167.0,0.263,132,292,0.452,0.431,57,74,0.77,36.0,174.0,210.0,277,78.0,35.0,111.0,183,453
Mikal Bridges,5557725,2022,SF,25,PHO,82,82.0,2854.0,458,858,0.534,115.0,312.0,0.369,343,546,0.628,0.601,131,157,0.834,74.0,273.0,347.0,185,96.0,36.0,68.0,150,1162
Shai Gilgeous-Alexander,5495532,2022,PG,23,OKC,56,56.0,1942.0,477,1052,0.453,89.0,297.0,0.3,388,755,0.514,0.496,328,405,0.81,37.0,241.0,278.0,331,71.0,46.0,154.0,142,1371
Jonathan Kuminga,5466360,2022,SF,19,GSW,70,12.0,1185.0,236,460,0.513,50.0,149.0,0.336,186,311,0.598,0.567,130,190,0.684,54.0,180.0,234.0,64,31.0,22.0,74.0,146,652
Miles Bridges,5421493,2022,PF,23,CHO,80,80.0,2837.0,596,1214,0.491,154.0,465.0,0.331,442,749,0.59,0.554,267,333,0.802,90.0,469.0,559.0,300,74.0,67.0,150.0,193,1613
Jaxson Hayes,5348280,2022,C,21,NOP,70,28.0,1398.0,245,398,0.616,20.0,57.0,0.351,225,341,0.66,0.641,144,188,0.766,115.0,200.0,315.0,43,33.0,55.0,54.0,155,654
Pat Connaughton,5333334,2022,SF,29,MIL,65,19.0,1691.0,227,496,0.458,146.0,370.0,0.395,81,126,0.643,0.605,45,54,0.833,45.0,228.0,273.0,82,59.0,15.0,35.0,86,645
Kris Dunn,5317430,2022,PG,27,POR,14,3.0,336.0,44,102,0.431,1.0,11.0,0.091,43,91,0.473,0.436,17,18,0.944,9.0,40.0,49.0,79,23.0,3.0,32.0,38,106
George Hill,5275491,2022,PG,35,MIL,54,17.0,1253.0,118,275,0.429,41.0,134.0,0.306,77,141,0.546,0.504,57,62,0.919,38.0,117.0,155.0,120,42.0,6.0,41.0,70,334
Dewayne Dedmon,5256308,2022,C,32,MIA,67,15.0,1065.0,164,290,0.566,19.0,47.0,0.404,145,243,0.597,0.598,75,100,0.75,105.0,281.0,386.0,47,24.0,42.0,70.0,174,422
Hamidou Diallo,5200000,2022,SG,23,DET,58,29.0,1269.0,261,526,0.496,23.0,93.0,0.247,238,433,0.55,0.518,91,140,0.65,69.0,208.0,277.0,73,71.0,17.0,58.0,143,636
Kevon Looney,5178572,2022,C,25,GSW,82,80.0,1732.0,208,364,0.571,0.0,1.0,0.0,208,363,0.573,0.571,75,125,0.6,208.0,388.0,596.0,165,50.0,52.0,67.0,215,491
Obi Toppin,5105160,2022,PF,23,NYK,72,10.0,1230.0,251,473,0.531,52.0,169.0,0.308,199,304,0.655,0.586,94,124,0.758,69.0,199.0,268.0,77,25.0,33.0,56.0,102,648
Franz Wagner,5007840,2022,SF,20,ORL,79,79.0,2429.0,456,975,0.468,96.0,271.0,0.354,360,704,0.511,0.517,189,219,0.863,84.0,272.0,356.0,231,68.0,34.0,119.0,164,1197
Josh Jackson,5005350,2022,SF,24,TOT,51,3.0,830.0,120,300,0.4,33.0,130.0,0.254,87,170,0.512,0.455,55,77,0.714,21.0,120.0,141.0,54,26.0,22.0,47.0,88,328
Robin Lopez,5000000,2022,C,33,ORL,36,9.0,612.0,110,199,0.553,2.0,6.0,0.333,108,193,0.56,0.558,32,54,0.593,68.0,58.0,126.0,54,2.0,18.0,44.0,67,254
JaVale McGee,5000000,2022,C,34,PHO,74,17.0,1172.0,288,458,0.629,2.0,9.0,0.222,286,449,0.637,0.631,102,146,0.699,163.0,333.0,496.0,42,22.0,81.0,98.0,181,680
Rui Hachimura,4916160,2022,PF,23,WAS,42,13.0,943.0,187,381,0.491,55.0,123.0,0.447,132,258,0.512,0.563,46,66,0.697,25.0,135.0,160.0,48,23.0,9.0,33.0,53,475
Garrett Temple,4910000,2022,SG,35,NOP,59,16.0,1098.0,111,295,0.376,59.0,185.0,0.319,52,110,0.473,0.476,28,41,0.683,29.0,114.0,143.0,74,43.0,23.0,42.0,81,309
Taj Gibson,4910000,2022,C,36,NYK,52,4.0,946.0,86,166,0.518,15.0,38.0,0.395,71,128,0.555,0.563,42,52,0.808,88.0,141.0,229.0,32,22.0,40.0,27.0,137,229
Torrey Craig,4878049,2022,SF,31,TOT,78,16.0,1596.0,200,441,0.454,77.0,234.0,0.329,123,207,0.594,0.541,39,52,0.75,86.0,224.0,310.0,91,46.0,36.0,67.0,151,516
Bruce Brown,4736102,2022,SF,25,BRK,72,45.0,1774.0,256,506,0.506,38.0,94.0,0.404,218,412,0.529,0.543,97,128,0.758,100.0,245.0,345.0,148,77.0,52.0,56.0,176,647
Deni Avdija,4692840,2022,SF,21,WAS,82,8.0,1984.0,250,579,0.432,82.0,259.0,0.317,168,320,0.525,0.503,103,136,0.757,52.0,373.0,425.0,167,59.0,44.0,87.0,190,685
Donte DiVincenzo,4675830,2022,SG,25,TOT,42,1.0,1006.0,118,336,0.351,74.0,218.0,0.339,44,118,0.373,0.461,70,83,0.843,40.0,130.0,170.0,118,48.0,8.0,72.0,69,380
Cam Reddish,4670160,2022,SF,22,TOT,49,7.0,1012.0,165,408,0.404,66.0,184.0,0.359,99,224,0.442,0.485,101,112,0.902,25.0,80.0,105.0,48,47.0,15.0,57.0,60,497
David Nwaba,4650000,2022,SF,29,HOU,46,4.0,609.0,85,176,0.483,15.0,49.0,0.306,70,127,0.551,0.526,48,67,0.716,41.0,110.0,151.0,35,28.0,20.0,21.0,55,233
Furkan Korkmaz,4629630,2022,SG,24,PHI,67,19.0,1414.0,182,470,0.387,77.0,266.0,0.289,105,204,0.515,0.469,68,84,0.81,22.0,153.0,175.0,127,33.0,9.0,48.0,58,509
Davion Mitchell,4603200,2022,PG,23,SAC,75,19.0,2076.0,352,843,0.418,101.0,320.0,0.316,251,523,0.48,0.477,56,85,0.659,33.0,133.0,166.0,313,55.0,24.0,114.0,141,861
Jeff Green,4500000,2022,PF,35,DEN,75,63.0,1849.0,277,529,0.524,53.0,168.0,0.315,224,361,0.62,0.574,165,198,0.833,41.0,190.0,231.0,96,28.0,27.0,71.0,151,772
Bryn Forbes,4500000,2022,SG,28,TOT,75,2.0,1286.0,231,539,0.429,122.0,295.0,0.414,109,244,0.447,0.542,79,87,0.908,10.0,83.0,93.0,75,25.0,5.0,56.0,95,663
Jalen Smith,4458000,2022,PF,21,TOT,51,8.0,925.0,176,350,0.503,40.0,122.0,0.328,136,228,0.596,0.56,78,102,0.765,101.0,206.0,307.0,24,15.0,41.0,42.0,96,470
Cameron Johnson,4437000,2022,PF,25,PHO,66,16.0,1730.0,279,607,0.46,166.0,391.0,0.425,113,216,0.523,0.596,98,114,0.86,42.0,231.0,273.0,99,57.0,16.0,47.0,113,822
Ziaire Williams,4373040,2022,SF,20,MEM,62,31.0,1346.0,191,424,0.45,76.0,242.0,0.314,115,182,0.632,0.54,43,55,0.782,26.0,103.0,129.0,65,35.0,12.0,41.0,113,501
Bobby Portis,4347600,2022,C,26,MIL,72,59.0,2028.0,417,871,0.479,133.0,338.0,0.393,284,533,0.533,0.555,85,113,0.752,180.0,477.0,657.0,86,53.0,51.0,90.0,174,1052
Kevin Huerter,4253357,2022,SF,23,ATL,74,60.0,2188.0,345,760,0.454,160.0,411.0,0.389,185,349,0.53,0.559,42,52,0.808,32.0,222.0,254.0,203,55.0,26.0,91.0,185,892
Devin Vassell,4235160,2022,SF,21,SAS,71,32.0,1937.0,326,764,0.427,137.0,380.0,0.361,189,384,0.492,0.516,83,99,0.838,44.0,262.0,306.0,136,76.0,41.0,58.0,143,872
Chandler Hutchison,4224186,2022,SF,25,PHO,6,0.0,22.0,1,2,0.5,0.0,0.0,,1,2,0.5,0.5,2,2,1.0,0.0,5.0,5.0,2,0.0,0.0,4.0,1,4
Willie Cauley-Stein,4220083,2022,C,28,TOT,20,2.0,183.0,16,35,0.457,1.0,2.0,0.5,15,33,0.455,0.471,1,2,0.5,13.0,27.0,40.0,10,6.0,3.0,7.0,19,34
James Bouknight,4154400,2022,SG,21,CHO,31,0.0,304.0,49,141,0.348,17.0,49.0,0.347,32,92,0.348,0.408,27,31,0.871,22.0,30.0,52.0,26,7.0,1.0,15.0,29,142
Jevon Carter,4107149,2022,PG,26,TOT,66,3.0,905.0,98,253,0.387,66.0,170.0,0.388,32,83,0.386,0.518,15,18,0.833,14.0,96.0,110.0,96,24.0,14.0,34.0,67,277
Josh Okogie,4087904,2022,SG,23,MIN,49,6.0,516.0,42,104,0.404,14.0,47.0,0.298,28,57,0.491,0.471,35,51,0.686,29.0,41.0,70.0,25,26.0,12.0,23.0,53,133
Grayson Allen,4054695,2022,SG,26,MIL,66,61.0,1805.0,255,569,0.448,159.0,389.0,0.409,96,180,0.533,0.588,64,74,0.865,32.0,190.0,222.0,100,46.0,18.0,43.0,96,733
Jarred Vanderbilt,4050000,2022,PF,22,MIN,74,67.0,1880.0,212,361,0.587,2.0,14.0,0.143,210,347,0.605,0.59,86,131,0.656,215.0,409.0,624.0,94,99.0,46.0,73.0,181,512
Tyrese Haliburton,4023600,2022,SG-PG,21,TOT,77,77.0,2695.0,430,909,0.473,161.0,389.0,0.414,269,520,0.517,0.562,160,190,0.842,61.0,250.0,311.0,628,134.0,49.0,199.0,121,1181
Tyler Herro,4004280,2022,SG,22,MIA,66,10.0,2151.0,501,1122,0.447,175.0,439.0,0.399,326,683,0.477,0.525,190,219,0.868,32.0,297.0,329.0,263,44.0,8.0,174.0,95,1367
Gorgui Dieng,4000000,2022,C,32,ATL,44,3.0,371.0,53,112,0.473,29.0,68.0,0.426,24,44,0.545,0.603,19,26,0.731,32.0,89.0,121.0,34,11.0,13.0,20.0,52,154
Dorian Finney-Smith,4000000,2022,PF,28,DAL,80,80.0,2644.0,326,692,0.471,172.0,435.0,0.395,154,257,0.599,0.595,56,83,0.675,122.0,253.0,375.0,150,88.0,39.0,80.0,183,880
Terence Davis,4000000,2022,SG,24,SAC,30,11.0,536.0,113,267,0.423,49.0,149.0,0.329,64,118,0.542,0.515,36,44,0.818,11.0,83.0,94.0,40,25.0,11.0,33.0,70,311
Aaron Holiday,3980551,2022,PG,25,TOT,63,15.0,1021.0,151,338,0.447,39.0,103.0,0.379,112,235,0.477,0.504,59,68,0.868,24.0,98.0,122.0,153,42.0,9.0,67.0,92,400
Jake Layman,3940184,2022,SF,27,MIN,34,1.0,231.0,30,73,0.411,8.0,35.0,0.229,22,38,0.579,0.466,13,18,0.722,6.0,30.0,36.0,9,7.0,5.0,10.0,12,81
Anfernee Simons,3938818,2022,SG,22,POR,57,30.0,1681.0,353,797,0.443,179.0,442.0,0.405,174,355,0.49,0.555,103,116,0.888,26.0,125.0,151.0,221,30.0,6.0,115.0,110,988
Justise Winslow,3902439,2022,PF,25,TOT,48,11.0,774.0,110,257,0.428,15.0,66.0,0.227,95,191,0.497,0.457,39,66,0.591,50.0,152.0,202.0,84,35.0,25.0,49.0,67,274
Romeo Langford,3804360,2022,SG,22,TOT,48,5.0,771.0,83,191,0.435,29.0,85.0,0.341,54,106,0.509,0.51,23,42,0.548,30.0,78.0,108.0,21,22.0,16.0,16.0,47,218
Sekou Doumbouya,3799131,2022,PF,21,LAL,2,0.0,16.0,5,8,0.625,1.0,2.0,0.5,4,6,0.667,0.688,3,4,0.75,2.0,4.0,6.0,0,3.0,2.0,2.0,1,14
Landry Shamet,3768342,2022,SG,24,PHO,69,14.0,1437.0,191,485,0.394,123.0,334.0,0.368,68,151,0.45,0.521,68,81,0.84,16.0,110.0,126.0,108,28.0,9.0,41.0,92,573
Chris Duarte,3749400,2022,SG,24,IND,55,39.0,1541.0,268,621,0.432,94.0,255.0,0.369,174,366,0.475,0.507,90,112,0.804,41.0,185.0,226.0,114,56.0,10.0,90.0,95,720
Alex Len,3732000,2022,C,28,SAC,39,10.0,620.0,94,176,0.534,6.0,21.0,0.286,88,155,0.568,0.551,41,63,0.651,52.0,109.0,161.0,45,13.0,25.0,43.0,100,235
Robert Williams,3661976,2022,C,24,BOS,61,61.0,1804.0,271,368,0.736,0.0,1.0,0.0,271,367,0.738,0.736,65,90,0.722,238.0,350.0,588.0,121,56.0,134.0,63.0,137,607
Aaron Nesmith,3631200,2022,SF,22,BOS,52,3.0,574.0,72,182,0.396,31.0,115.0,0.27,41,67,0.612,0.481,21,26,0.808,15.0,74.0,89.0,22,20.0,5.0,31.0,70,196
Moses Moody,3562200,2022,SG,19,GSW,52,11.0,607.0,80,183,0.437,40.0,110.0,0.364,40,73,0.548,0.546,28,36,0.778,17.0,63.0,80.0,23,7.0,10.0,13.0,43,228
Mike Muscala,3500000,2022,C,30,OKC,43,0.0,592.0,113,248,0.456,70.0,163.0,0.429,43,85,0.506,0.597,48,57,0.842,21.0,108.0,129.0,22,18.0,26.0,14.0,58,344
Cole Anthony,3449400,2022,PG,21,ORL,65,65.0,2059.0,357,912,0.391,132.0,391.0,0.338,225,521,0.432,0.464,216,253,0.854,32.0,316.0,348.0,369,46.0,17.0,170.0,171,1062
Corey Kispert,3383640,2022,SF,22,WAS,77,36.0,1801.0,234,514,0.455,112.0,320.0,0.35,122,194,0.629,0.564,54,62,0.871,53.0,156.0,209.0,85,35.0,22.0,50.0,93,634
Georges Niang,3300000,2022,PF,28,PHI,76,7.0,1736.0,246,563,0.437,156.0,387.0,0.403,90,176,0.511,0.575,52,59,0.881,25.0,178.0,203.0,102,30.0,13.0,59.0,190,700
Isaiah Stewart,3277080,2022,C,20,DET,71,71.0,1816.0,250,490,0.51,15.0,46.0,0.326,235,444,0.529,0.526,74,103,0.718,226.0,391.0,617.0,82,22.0,78.0,85.0,211,589
Chuma Okeke,3277080,2022,PF,23,ORL,70,20.0,1749.0,216,575,0.376,118.0,371.0,0.318,98,204,0.48,0.478,55,65,0.846,47.0,300.0,347.0,118,97.0,42.0,57.0,95,605
Nickeil Alexander-Walker,3261480,2022,SG,23,TOT,65,21.0,1466.0,253,680,0.372,105.0,338.0,0.311,148,342,0.433,0.449,81,109,0.743,37.0,150.0,187.0,156,46.0,23.0,93.0,103,692
Trey Burke,3150000,2022,PG,29,DAL,42,0.0,441.0,84,215,0.391,26.0,82.0,0.317,58,133,0.436,0.451,20,23,0.87,4.0,29.0,33.0,57,12.0,0.0,26.0,39,214
Aleksej Pokusevski,3113160,2022,PF,20,OKC,61,12.0,1233.0,186,456,0.408,57.0,197.0,0.289,129,259,0.498,0.47,35,50,0.7,73.0,245.0,318.0,131,39.0,38.0,94.0,88,464
Facundo Campazzo,3100000,2022,PG,30,DEN,65,4.0,1184.0,107,296,0.361,58.0,193.0,0.301,49,103,0.476,0.459,60,78,0.769,23.0,94.0,117.0,220,63.0,23.0,67.0,124,332
Goga Bitadze,3098400,2022,C,22,IND,50,16.0,729.0,131,252,0.52,23.0,80.0,0.288,108,172,0.628,0.565,64,94,0.681,79.0,98.0,177.0,55,21.0,42.0,46.0,107,349
Sterling Brown,3000000,2022,SG,26,DAL,49,3.0,628.0,59,155,0.381,28.0,92.0,0.304,31,63,0.492,0.471,14,15,0.933,26.0,123.0,149.0,34,14.0,7.0,23.0,56,160
Frank Jackson,3000000,2022,PG,23,DET,53,7.0,1164.0,194,483,0.402,86.0,279.0,0.308,108,204,0.529,0.491,86,104,0.827,19.0,68.0,87.0,55,27.0,9.0,38.0,89,560
Josh Green,2957520,2022,SG,21,DAL,67,3.0,1039.0,130,256,0.508,28.0,78.0,0.359,102,178,0.573,0.563,31,45,0.689,52.0,109.0,161.0,79,45.0,14.0,44.0,115,319
Tre Mann,2901240,2022,PG,20,OKC,60,26.0,1367.0,231,588,0.393,98.0,272.0,0.36,133,316,0.421,0.476,65,82,0.793,25.0,146.0,171.0,91,47.0,12.0,71.0,102,625
Matisse Thybulle,2840160,2022,SG,24,PHI,66,50.0,1685.0,150,300,0.5,45.0,144.0,0.313,105,156,0.673,0.575,34,43,0.791,42.0,109.0,151.0,75,115.0,71.0,39.0,158,379
Saddiq Bey,2824320,2022,SF,22,DET,82,82.0,2704.0,450,1136,0.396,211.0,610.0,0.346,239,526,0.454,0.489,210,254,0.827,107.0,334.0,441.0,233,73.0,16.0,96.0,128,1321
Kai Jones,2770560,2022,C,21,CHO,21,0.0,63.0,9,14,0.643,1.0,2.0,0.5,8,12,0.667,0.679,3,8,0.375,3.0,8.0,11.0,4,1.0,2.0,6.0,8,22
Brandon Clarke,2726880,2022,PF,25,MEM,64,1.0,1246.0,288,447,0.644,5.0,22.0,0.227,283,425,0.666,0.65,85,130,0.654,135.0,207.0,342.0,86,39.0,68.0,34.0,122,666
Precious Achiuwa,2711280,2022,C,22,TOR,73,28.0,1725.0,265,603,0.439,56.0,156.0,0.359,209,447,0.468,0.486,78,131,0.595,146.0,327.0,473.0,82,37.0,41.0,84.0,151,664
Jalen Johnson,2659680,2022,PF,20,ATL,22,0.0,120.0,22,41,0.537,3.0,13.0,0.231,19,28,0.679,0.573,5,7,0.714,2.0,24.0,26.0,3,3.0,2.0,9.0,9,52
LaMarcus Aldridge,2641691,2022,C,36,BRK,47,12.0,1050.0,252,458,0.55,14.0,46.0,0.304,238,412,0.578,0.566,89,102,0.873,73.0,185.0,258.0,42,14.0,47.0,44.0,78,607
James Johnson,2641691,2022,PF,34,BRK,62,10.0,1191.0,144,307,0.469,23.0,85.0,0.271,121,222,0.545,0.507,29,55,0.527,51.0,164.0,215.0,130,30.0,34.0,48.0,162,340
Ed Davis,2641691,2022,C,32,CLE,31,3.0,201.0,11,16,0.688,0.0,0.0,,11,16,0.688,0.688,6,14,0.429,14.0,50.0,64.0,7,3.0,9.0,5.0,33,28
Andre Iguodala,2641691,2022,SF,38,GSW,31,0.0,603.0,46,121,0.38,17.0,74.0,0.23,29,47,0.617,0.45,15,20,0.75,21.0,79.0,100.0,114,27.0,22.0,28.0,34,124
Avery Bradley,2641691,2022,SG,31,LAL,62,45.0,1406.0,148,350,0.423,82.0,210.0,0.39,66,140,0.471,0.54,16,18,0.889,31.0,105.0,136.0,47,53.0,9.0,38.0,118,394
Carmelo Anthony,2641691,2022,PF,37,LAL,69,3.0,1793.0,319,723,0.441,149.0,397.0,0.375,170,326,0.521,0.544,132,159,0.83,62.0,226.0,288.0,68,47.0,52.0,59.0,166,919
Wayne Ellington,2641691,2022,SG,34,LAL,43,9.0,810.0,98,237,0.414,82.0,211.0,0.389,16,26,0.615,0.586,9,11,0.818,10.0,67.0,77.0,30,23.0,5.0,19.0,42,287
Trevor Ariza,2641691,2022,SF,36,LAL,24,11.0,462.0,33,99,0.333,20.0,74.0,0.27,13,25,0.52,0.434,10,18,0.556,10.0,72.0,82.0,27,13.0,6.0,11.0,20,96
Dwight Howard,2641691,2022,C,36,LAL,60,27.0,971.0,134,219,0.612,8.0,15.0,0.533,126,204,0.618,0.63,96,146,0.658,118.0,238.0,356.0,35,34.0,36.0,47.0,115,372
Udonis Haslem,2641691,2022,C,41,MIA,13,0.0,83.0,14,31,0.452,1.0,4.0,0.25,13,27,0.481,0.468,3,3,1.0,4.0,21.0,25.0,4,1.0,1.0,5.0,15,32
Markieff Morris,2641691,2022,PF,32,MIA,17,1.0,298.0,54,114,0.474,13.0,39.0,0.333,41,75,0.547,0.531,8,9,0.889,17.0,28.0,45.0,23,6.0,1.0,20.0,33,129
Paul Millsap,2641691,2022,C,36,TOT,33,1.0,376.0,45,115,0.391,8.0,35.0,0.229,37,80,0.463,0.426,17,24,0.708,41.0,73.0,114.0,29,10.0,13.0,19.0,67,115
Grant Williams,2617800,2022,PF,23,BOS,77,21.0,1875.0,205,432,0.475,106.0,258.0,0.411,99,174,0.569,0.597,86,95,0.905,64.0,210.0,274.0,78,38.0,57.0,62.0,186,602
Tyrese Maxey,2602920,2022,PG,21,PHI,75,74.0,2650.0,483,995,0.485,132.0,309.0,0.427,351,686,0.512,0.552,213,246,0.866,26.0,214.0,240.0,321,55.0,32.0,88.0,156,1311
Keon Johnson,2553240,2022,SG,19,TOT,37,12.0,697.0,96,272,0.353,34.0,100.0,0.34,62,172,0.36,0.415,41,51,0.804,24.0,57.0,81.0,76,28.0,12.0,46.0,69,267
Darius Bazley,2513040,2022,PF,21,OKC,69,53.0,1924.0,274,649,0.422,80.0,269.0,0.297,194,380,0.511,0.484,117,170,0.688,71.0,365.0,436.0,97,58.0,70.0,90.0,68,745
Trey Lyles,2500000,2022,PF,26,TOT,75,23.0,1537.0,262,562,0.466,67.0,209.0,0.321,195,353,0.552,0.526,195,243,0.802,89.0,290.0,379.0,88,29.0,32.0,73.0,123,786
Zeke Nnaji,2498760,2022,PF,21,DEN,41,1.0,698.0,96,186,0.516,37.0,80.0,0.463,59,106,0.557,0.616,41,65,0.631,56.0,91.0,147.0,17,16.0,13.0,23.0,79,270
Isaiah Jackson,2451240,2022,C,20,IND,36,15.0,541.0,116,206,0.563,5.0,16.0,0.313,111,190,0.584,0.575,60,88,0.682,60.0,89.0,149.0,10,25.0,52.0,40.0,92,297
Ty Jerome,2412840,2022,SG,24,OKC,48,4.0,801.0,124,328,0.378,54.0,186.0,0.29,70,142,0.493,0.46,38,47,0.809,19.0,59.0,78.0,109,30.0,5.0,37.0,73,340
Andre Drummond,2401537,2022,C,28,TOT,73,36.0,1437.0,247,433,0.57,0.0,3.0,0.0,247,430,0.574,0.57,86,164,0.524,229.0,451.0,680.0,131,78.0,68.0,115.0,192,580
Austin Rivers,2401537,2022,SG,29,DEN,67,18.0,1480.0,146,350,0.417,79.0,231.0,0.342,67,119,0.563,0.53,32,44,0.727,19.0,95.0,114.0,90,51.0,6.0,54.0,121,403
Kent Bazemore,2401537,2022,SF,32,LAL,39,14.0,545.0,45,139,0.324,29.0,80.0,0.363,16,59,0.271,0.428,13,17,0.765,13.0,56.0,69.0,34,25.0,9.0,21.0,70,132
Hassan Whiteside,2401537,2022,C,32,UTA,65,8.0,1162.0,215,330,0.652,0.0,0.0,,215,330,0.652,0.652,104,167,0.623,166.0,328.0,494.0,26,22.0,103.0,53.0,179,534
Victor Oladipo,2389641,2022,SG,29,MIA,8,1.0,173.0,35,73,0.479,15.0,36.0,0.417,20,37,0.541,0.582,14,19,0.737,3.0,20.0,23.0,28,5.0,1.0,16.0,13,99
Tony Snell,2389641,2022,SG,30,TOT,53,12.0,823.0,69,171,0.404,45.0,128.0,0.352,24,43,0.558,0.535,4,4,1.0,16.0,87.0,103.0,28,16.0,9.0,19.0,70,187
Solomon Hill,2389641,2022,SF,30,ATL,13,1.0,139.0,3,20,0.15,2.0,13.0,0.154,1,7,0.143,0.2,0,0,,6.0,17.0,23.0,12,4.0,2.0,1.0,16,8
Ben McLemore,2389641,2022,SG,28,POR,64,6.0,1285.0,216,539,0.401,151.0,417.0,0.362,65,122,0.533,0.541,72,88,0.818,12.0,91.0,103.0,59,38.0,10.0,55.0,103,655
Cody Zeller,2389641,2022,C,29,POR,27,0.0,355.0,51,90,0.567,0.0,4.0,0.0,51,86,0.593,0.567,38,49,0.776,50.0,75.0,125.0,22,8.0,6.0,19.0,56,140
Usman Garuba,2353320,2022,PF,19,HOU,24,2.0,239.0,19,44,0.432,5.0,20.0,0.25,14,24,0.583,0.489,5,7,0.714,21.0,62.0,83.0,17,10.0,11.0,6.0,28,48
Leandro Bolmaro,2353320,2022,SF,21,MIN,35,2.0,241.0,17,54,0.315,5.0,18.0,0.278,12,36,0.333,0.361,11,13,0.846,16.0,27.0,43.0,21,6.0,0.0,13.0,26,50
Nassir Little,2316240,2022,SF,21,POR,42,23.0,1088.0,145,315,0.46,51.0,154.0,0.331,94,161,0.584,0.541,69,94,0.734,58.0,178.0,236.0,54,25.0,36.0,40.0,82,410
Josh Christopher,2259240,2022,SG,20,HOU,74,2.0,1334.0,224,500,0.448,56.0,189.0,0.296,168,311,0.54,0.504,83,113,0.735,52.0,134.0,186.0,150,65.0,13.0,114.0,97,587
Drew Eubanks,2239820,2022,C,24,TOT,71,31.0,1245.0,221,371,0.596,5.0,23.0,0.217,216,348,0.621,0.602,99,130,0.762,130.0,252.0,382.0,85,31.0,40.0,81.0,122,546
Rodney Hood,2239544,2022,PF-SF,29,TOT,52,0.0,709.0,58,157,0.369,30.0,91.0,0.33,28,66,0.424,0.465,17,19,0.895,15.0,62.0,77.0,38,15.0,6.0,11.0,31,163
Elfrid Payton,2239544,2022,PG,27,PHO,50,1.0,549.0,67,175,0.383,4.0,18.0,0.222,63,157,0.401,0.394,12,32,0.375,21.0,67.0,88.0,99,25.0,6.0,47.0,38,150
Dylan Windler,2239200,2022,SF,25,CLE,50,0.0,459.0,37,98,0.378,21.0,70.0,0.3,16,28,0.571,0.485,15,18,0.833,21.0,68.0,89.0,34,14.0,3.0,16.0,47,110
Immanuel Quickley,2210640,2022,PG,22,NYK,78,3.0,1802.0,284,724,0.392,137.0,396.0,0.346,147,328,0.448,0.487,177,201,0.881,31.0,216.0,247.0,275,54.0,3.0,99.0,167,882
John Konchar,2200000,2022,SG,25,MEM,72,7.0,1292.0,135,262,0.515,52.0,126.0,0.413,83,136,0.61,0.615,27,49,0.551,87.0,242.0,329.0,109,45.0,22.0,29.0,90,349
Quentin Grimes,2168640,2022,SG,21,NYK,46,6.0,786.0,95,235,0.404,72.0,189.0,0.381,23,46,0.5,0.557,13,19,0.684,24.0,70.0,94.0,44,31.0,11.0,28.0,72,275
Jordan Poole,2161440,2022,SG,22,GSW,76,51.0,2283.0,474,1058,0.448,211.0,580.0,0.364,263,478,0.55,0.548,246,266,0.925,34.0,226.0,260.0,304,60.0,23.0,187.0,206,1405
Bol Bol,2161152,2022,PF,22,DEN,14,0.0,81.0,15,27,0.556,1.0,4.0,0.25,14,23,0.609,0.574,2,5,0.4,4.0,16.0,20.0,5,1.0,2.0,4.0,4,33
Keldon Johnson,2145720,2022,SF,22,SAS,75,74.0,2392.0,471,1011,0.466,159.0,399.0,0.398,312,612,0.51,0.545,177,234,0.756,80.0,377.0,457.0,158,58.0,14.0,92.0,148,1278
Payton Pritchard,2137440,2022,PG,24,BOS,71,2.0,1001.0,160,373,0.429,101.0,245.0,0.412,59,128,0.461,0.564,21,21,1.0,32.0,102.0,134.0,139,25.0,6.0,41.0,61,442
Bones Hyland,2096880,2022,SG,21,DEN,69,4.0,1310.0,230,571,0.403,131.0,358.0,0.366,99,213,0.465,0.518,107,125,0.856,14.0,174.0,188.0,191,41.0,20.0,86.0,153,698
Nemanja Bjelica,2089448,2022,C,33,GSW,71,0.0,1142.0,160,342,0.468,54.0,149.0,0.362,106,193,0.549,0.547,59,81,0.728,62.0,232.0,294.0,159,41.0,26.0,87.0,128,433
Frank Kaminsky,2089448,2022,C,28,PHO,9,0.0,181.0,36,66,0.545,5.0,15.0,0.333,31,51,0.608,0.583,18,20,0.9,11.0,30.0,41.0,13,8.0,7.0,5.0,14,95
Raul Neto,2089448,2022,PG,29,WAS,70,19.0,1372.0,204,441,0.463,35.0,120.0,0.292,169,321,0.526,0.502,83,108,0.769,13.0,121.0,134.0,217,55.0,3.0,79.0,104,526
Udoka Azubuike,2075880,2022,C,22,UTA,17,6.0,195.0,37,49,0.755,0.0,0.0,,37,49,0.755,0.755,6,11,0.545,18.0,53.0,71.0,0,1.0,11.0,12.0,25,80
Jaden McDaniels,2063280,2022,PF,21,MIN,70,31.0,1803.0,255,554,0.46,80.0,252.0,0.317,175,302,0.579,0.532,57,71,0.803,76.0,217.0,293.0,79,52.0,54.0,75.0,224,647
Malachi Flynn,2048040,2022,PG,23,TOR,44,5.0,537.0,72,183,0.393,30.0,90.0,0.333,42,93,0.452,0.475,15,24,0.625,10.0,53.0,63.0,70,20.0,4.0,13.0,45,189
DeMarcus Cousins,2038942,2022,C,31,TOT,48,7.0,718.0,149,324,0.46,37.0,122.0,0.303,112,202,0.554,0.517,95,125,0.76,74.0,196.0,270.0,71,35.0,21.0,85.0,139,430
Cam Thomas,2036280,2022,SG,20,BRK,67,2.0,1176.0,218,503,0.433,47.0,174.0,0.27,171,329,0.52,0.48,87,105,0.829,16.0,145.0,161.0,78,33.0,8.0,55.0,66,570
Desmond Bane,2033160,2022,SG,23,MEM,76,76.0,2266.0,508,1101,0.461,228.0,523.0,0.436,280,578,0.484,0.565,140,155,0.903,46.0,288.0,334.0,208,92.0,29.0,111.0,196,1384
Jaden Springer,2023680,2022,SG,19,PHI,2,0.0,6.0,1,1,1.0,0.0,0.0,,1,1,1.0,1.0,0,0,,1.0,1.0,2.0,0,0.0,2.0,1.0,0,2
Day'Ron Sharpe,2009160,2022,PF,20,BRK,32,8.0,391.0,86,149,0.577,2.0,7.0,0.286,84,142,0.592,0.584,24,41,0.585,81.0,79.0,160.0,17,10.0,15.0,30.0,60,198
Garrison Mathews,2000000,2022,SG,25,HOU,65,33.0,1712.0,184,461,0.399,139.0,386.0,0.36,45,75,0.6,0.55,143,180,0.794,32.0,158.0,190.0,64,57.0,24.0,41.0,168,650
Jordan McLaughlin,2000000,2022,PG,25,MIN,62,3.0,902.0,88,200,0.44,27.0,85.0,0.318,61,115,0.53,0.508,30,40,0.75,22.0,72.0,94.0,180,57.0,10.0,38.0,54,233
Jeremiah Robinson-Earl,2000000,2022,C,21,OKC,49,36.0,1087.0,134,324,0.414,58.0,165.0,0.352,76,159,0.478,0.503,40,54,0.741,75.0,199.0,274.0,49,29.0,15.0,39.0,75,366
Kenrich Williams,2000000,2022,SF,27,OKC,49,0.0,1072.0,146,317,0.461,41.0,121.0,0.339,105,196,0.536,0.525,30,55,0.545,75.0,145.0,220.0,108,44.0,10.0,46.0,81,363
Abdel Nader,2000000,2022,SF,28,PHO,14,0.0,145.0,12,35,0.343,4.0,14.0,0.286,8,21,0.381,0.4,6,10,0.6,4.0,23.0,27.0,7,8.0,4.0,11.0,20,34
Damian Jones,1977011,2022,C,26,SAC,56,15.0,1017.0,175,266,0.658,10.0,29.0,0.345,165,237,0.696,0.677,94,131,0.718,75.0,171.0,246.0,69,26.0,47.0,59.0,130,454
Wesley Matthews,1958495,2022,SG,35,MIL,49,14.0,1002.0,87,220,0.395,53.0,157.0,0.338,34,63,0.54,0.516,22,28,0.786,30.0,62.0,92.0,36,23.0,8.0,18.0,87,249
Rodney McGruder,1939350,2022,SG,30,DET,51,2.0,754.0,98,225,0.436,58.0,146.0,0.397,40,79,0.506,0.564,19,26,0.731,31.0,80.0,111.0,48,21.0,7.0,24.0,58,273
Moses Brown,1933909,2022,C,22,TOT,40,6.0,345.0,64,108,0.593,0.0,0.0,,64,108,0.593,0.593,43,72,0.597,39.0,96.0,135.0,1,7.0,16.0,20.0,53,171
Jose Alvarado,1925406,2022,PG,23,NOP,54,1.0,834.0,131,294,0.446,32.0,110.0,0.291,99,184,0.538,0.5,36,53,0.679,25.0,75.0,100.0,152,71.0,7.0,40.0,73,330
Damion Lee,1910860,2022,SG,29,GSW,63,5.0,1256.0,169,383,0.441,63.0,187.0,0.337,106,196,0.541,0.523,66,75,0.88,27.0,176.0,203.0,63,39.0,6.0,38.0,95,467
PJ Dozier,1910860,2022,SG,25,DEN,18,0.0,340.0,36,99,0.364,15.0,48.0,0.313,21,51,0.412,0.439,10,13,0.769,14.0,49.0,63.0,29,11.0,6.0,13.0,33,97
Killian Tillie,1901625,2022,C,23,MEM,36,3.0,461.0,43,127,0.339,27.0,86.0,0.314,16,41,0.39,0.445,5,8,0.625,21.0,39.0,60.0,22,23.0,15.0,13.0,58,118
Tyrell Terry,1869438,2022,PG,21,MEM,2,0.0,3.0,1,1,1.0,0.0,0.0,,1,1,1.0,1.0,0,0,,0.0,0.0,0.0,0,0.0,0.0,0.0,1,2
Carsen Edwards,1859365,2022,SG,23,DET,4,0.0,79.0,9,30,0.3,4.0,16.0,0.25,5,14,0.357,0.367,1,1,1.0,2.0,4.0,6.0,14,2.0,0.0,5.0,4,23
Shake Milton,1846738,2022,SG,25,PHI,55,6.0,1179.0,173,403,0.429,43.0,133.0,0.323,130,270,0.481,0.483,61,73,0.836,30.0,112.0,142.0,139,28.0,17.0,44.0,99,450
Jalen Brunson,1802057,2022,SG,25,DAL,79,61.0,2524.0,506,1008,0.502,94.0,252.0,0.373,412,756,0.545,0.549,179,213,0.84,43.0,266.0,309.0,377,66.0,3.0,124.0,151,1285
Mitchell Robinson,1802057,2022,C,23,NYK,72,62.0,1848.0,261,343,0.761,0.0,0.0,,261,343,0.761,0.761,88,181,0.486,295.0,322.0,617.0,38,58.0,133.0,60.0,195,610
Tony Bradley,1789256,2022,C,24,CHI,55,7.0,549.0,72,123,0.585,0.0,0.0,,72,123,0.585,0.585,19,29,0.655,67.0,119.0,186.0,27,10.0,33.0,34.0,62,163
Frank Ntilikina,1789256,2022,SG,23,DAL,58,5.0,685.0,89,223,0.399,38.0,111.0,0.342,51,112,0.455,0.484,24,25,0.96,12.0,67.0,79.0,69,27.0,7.0,31.0,61,240
Semi Ojeleye,1789256,2022,PF,27,TOT,30,0.0,406.0,30,99,0.303,15.0,50.0,0.3,15,49,0.306,0.379,23,29,0.793,27.0,47.0,74.0,9,7.0,6.0,9.0,30,98
Malik Monk,1789256,2022,SG,23,LAL,76,37.0,2139.0,391,826,0.473,173.0,442.0,0.391,218,384,0.568,0.578,93,117,0.795,37.0,219.0,256.0,218,61.0,29.0,122.0,138,1048
Didi Louzada,1786878,2022,SG-SF,22,TOT,9,1.0,129.0,12,33,0.364,9.0,23.0,0.391,3,10,0.3,0.5,2,2,1.0,5.0,12.0,17.0,5,2.0,2.0,5.0,13,35
Jalen McDaniels,1782621,2022,SF,24,CHO,55,2.0,895.0,123,254,0.484,41.0,108.0,0.38,82,146,0.562,0.565,53,72,0.736,37.0,133.0,170.0,58,26.0,22.0,36.0,93,340
Cody Martin,1782621,2022,SF,26,CHO,71,11.0,1866.0,204,423,0.482,61.0,159.0,0.384,143,264,0.542,0.554,75,107,0.701,82.0,203.0,285.0,179,88.0,32.0,61.0,116,544
Dean Wade,1782621,2022,PF,25,CLE,51,28.0,980.0,99,217,0.456,51.0,142.0,0.359,48,75,0.64,0.574,20,30,0.667,31.0,119.0,150.0,52,29.0,7.0,16.0,88,269
Bruno Fernando,1782621,2022,C,23,TOT,30,0.0,152.0,36,55,0.655,1.0,2.0,0.5,35,53,0.66,0.664,15,24,0.625,18.0,37.0,55.0,7,1.0,11.0,14.0,24,88
Terance Mann,1782621,2022,SF,25,LAC,81,33.0,2317.0,334,690,0.484,76.0,208.0,0.365,258,482,0.535,0.539,128,164,0.78,104.0,321.0,425.0,209,55.0,21.0,84.0,178,872
Jaylen Nowell,1782621,2022,SG,22,MIN,62,1.0,975.0,196,413,0.475,63.0,160.0,0.394,133,253,0.526,0.551,72,92,0.783,22.0,101.0,123.0,130,27.0,10.0,36.0,73,527
Naz Reid,1782621,2022,C,22,MIN,77,6.0,1215.0,233,476,0.489,57.0,166.0,0.343,176,310,0.568,0.549,114,149,0.765,102.0,199.0,301.0,71,40.0,71.0,82.0,172,637
Isaiah Roby,1782621,2022,PF,23,OKC,45,28.0,948.0,166,323,0.514,44.0,99.0,0.444,122,224,0.545,0.582,78,116,0.672,75.0,142.0,217.0,71,36.0,34.0,43.0,109,454
Luguentz Dort,1782621,2022,SG,22,OKC,51,51.0,1665.0,293,726,0.404,130.0,391.0,0.332,163,335,0.487,0.493,161,191,0.843,38.0,174.0,212.0,88,46.0,18.0,88.0,149,877
KZ Okpala,1782621,2022,PF,22,MIA,21,0.0,244.0,30,69,0.435,9.0,26.0,0.346,21,43,0.488,0.5,8,11,0.727,11.0,30.0,41.0,14,4.0,7.0,5.0,25,77
Eric Paschall,1782621,2022,PF,25,UTA,58,3.0,736.0,114,235,0.485,40.0,108.0,0.37,74,127,0.583,0.57,66,86,0.767,30.0,76.0,106.0,36,9.0,5.0,27.0,51,334
Daniel Gafford,1782621,2022,C,23,WAS,72,53.0,1444.0,285,411,0.693,0.0,1.0,0.0,285,410,0.695,0.693,107,153,0.699,155.0,252.0,407.0,68,30.0,99.0,65.0,170,677
Chimezie Metu,1762796,2022,C,24,SAC,60,20.0,1279.0,203,449,0.452,57.0,186.0,0.306,146,263,0.555,0.516,71,91,0.78,34.0,301.0,335.0,60,51.0,32.0,61.0,93,534
Yuta Watanabe,1762796,2022,SF,27,TOR,38,4.0,445.0,56,138,0.406,27.0,79.0,0.342,29,59,0.492,0.504,24,40,0.6,18.0,74.0,92.0,21,11.0,16.0,19.0,38,163
Armoni Brooks,1739065,2022,SG-PG,23,TOT,54,11.0,844.0,98,289,0.339,74.0,249.0,0.297,24,40,0.6,0.467,18,21,0.857,20.0,83.0,103.0,62,28.0,11.0,27.0,74,288
Isaiah Hartenstein,1729217,2022,C,23,LAC,68,0.0,1216.0,229,366,0.626,14.0,30.0,0.467,215,336,0.64,0.645,91,132,0.689,117.0,215.0,332.0,160,50.0,77.0,84.0,167,563
Thanasis Antetokounmpo,1729217,2022,SF,29,MIL,48,6.0,473.0,70,128,0.547,2.0,14.0,0.143,68,114,0.596,0.555,29,46,0.63,40.0,61.0,101.0,22,16.0,12.0,26.0,68,171
Moritz Wagner,1729217,2022,C,24,ORL,63,3.0,960.0,197,396,0.497,66.0,201.0,0.328,131,195,0.672,0.581,104,129,0.806,42.0,190.0,232.0,87,20.0,13.0,56.0,123,564
Keita Bates-Diop,1729217,2022,SF,26,SAS,59,14.0,956.0,136,263,0.517,17.0,55.0,0.309,119,208,0.572,0.549,46,61,0.754,62.0,169.0,231.0,41,27.0,14.0,45.0,61,335
Isaac Bonga,1729217,2022,SF,22,TOR,15,0.0,69.0,3,13,0.231,1.0,4.0,0.25,2,9,0.222,0.269,5,8,0.625,4.0,3.0,7.0,4,8.0,2.0,2.0,10,12
Juan Toscano-Anderson,1701593,2022,SF,28,GSW,73,6.0,994.0,115,235,0.489,28.0,87.0,0.322,87,148,0.588,0.549,40,70,0.571,28.0,148.0,176.0,127,48.0,17.0,68.0,115,298
Oshae Brissett,1701593,2022,SF,23,IND,67,25.0,1564.0,208,506,0.411,83.0,237.0,0.35,125,269,0.465,0.493,114,164,0.695,108.0,250.0,358.0,72,44.0,29.0,54.0,116,613
Gabriel Deck,1690507,2022,PF,26,OKC,7,0.0,56.0,8,14,0.571,2.0,4.0,0.5,6,10,0.6,0.643,0,0,,1.0,5.0,6.0,5,1.0,0.0,2.0,2,18
Matt Thomas,1669178,2022,SG,27,CHI,40,0.0,459.0,55,134,0.41,35.0,91.0,0.385,20,43,0.465,0.541,16,20,0.8,3.0,47.0,50.0,20,8.0,3.0,8.0,18,161
Javonte Green,1669178,2022,SF,28,CHI,65,45.0,1519.0,176,325,0.542,36.0,101.0,0.356,140,224,0.625,0.597,80,96,0.833,91.0,185.0,276.0,60,67.0,32.0,30.0,132,468
Gary Payton II,1669178,2022,SG,29,GSW,71,16.0,1247.0,212,344,0.616,43.0,120.0,0.358,169,224,0.754,0.679,35,58,0.603,72.0,175.0,247.0,64,96.0,22.0,40.0,131,502
Max Strus,1669178,2022,SF,25,MIA,68,16.0,1587.0,249,564,0.441,181.0,442.0,0.41,68,122,0.557,0.602,42,53,0.792,24.0,178.0,202.0,92,28.0,16.0,57.0,116,721
Gabe Vincent,1669178,2022,PG,25,MIA,68,27.0,1589.0,214,513,0.417,119.0,323.0,0.368,95,190,0.5,0.533,44,54,0.815,22.0,104.0,126.0,210,62.0,12.0,98.0,158,591
Lance Stephenson,1614825,2022,PG-SG,31,TOT,46,1.0,814.0,147,323,0.455,27.0,90.0,0.3,120,233,0.515,0.497,63,80,0.788,12.0,115.0,127.0,165,24.0,4.0,72.0,96,384
Deividas Sirvydis,1603559,2022,SG,21,DET,3,0.0,27.0,1,10,0.1,1.0,7.0,0.143,0,3,0.0,0.15,0,0,,0.0,6.0,6.0,1,3.0,1.0,0.0,4,3
Daniel Oturu,1603559,2022,C,22,TOR,3,0.0,27.0,3,6,0.5,0.0,1.0,0.0,3,5,0.6,0.5,3,5,0.6,1.0,4.0,5.0,0,0.0,2.0,0.0,1,9
Kevin Pangos,1569178,2022,PG,29,CLE,24,3.0,166.0,15,46,0.326,6.0,26.0,0.231,9,20,0.45,0.391,3,4,0.75,2.0,9.0,11.0,30,3.0,0.0,7.0,11,39
Bismack Biyombo,1518213,2022,C,29,PHO,36,3.0,506.0,86,145,0.593,0.0,0.0,,86,145,0.593,0.593,38,71,0.535,63.0,104.0,167.0,23,12.0,26.0,25.0,70,210
Nick Richards,1517981,2022,C,24,CHO,50,5.0,367.0,60,90,0.667,0.0,0.0,,60,90,0.667,0.667,30,43,0.698,34.0,52.0,86.0,13,9.0,21.0,24.0,51,150
Lamar Stevens,1517981,2022,PF,24,CLE,63,13.0,1015.0,156,319,0.489,18.0,65.0,0.277,138,254,0.543,0.517,53,75,0.707,47.0,117.0,164.0,44,31.0,18.0,41.0,106,383
Jae'Sean Tate,1517981,2022,PF,26,HOU,78,77.0,2056.0,363,729,0.498,63.0,202.0,0.312,300,527,0.569,0.541,130,184,0.707,135.0,285.0,420.0,222,72.0,41.0,139.0,286,919
Sam Merrill,1517981,2022,SG,25,MEM,6,0.0,58.0,8,24,0.333,7.0,23.0,0.304,1,1,1.0,0.479,2,4,0.5,1.0,6.0,7.0,4,0.0,0.0,2.0,3,25
Jordan Nwora,1517981,2022,SF,23,MIL,62,13.0,1185.0,186,462,0.403,79.0,227.0,0.348,107,235,0.455,0.488,36,43,0.837,37.0,184.0,221.0,59,25.0,17.0,57.0,78,487
Naji Marshall,1517981,2022,SF,24,NOP,55,4.0,735.0,109,269,0.405,21.0,105.0,0.2,88,164,0.537,0.444,74,93,0.796,38.0,104.0,142.0,62,33.0,8.0,46.0,69,313
Paul Reed,1517981,2022,C,22,PHI,38,2.0,302.0,54,96,0.563,2.0,8.0,0.25,52,88,0.591,0.573,6,14,0.429,44.0,48.0,92.0,16,33.0,14.0,10.0,57,116
Isaiah Joe,1517981,2022,SG,22,PHI,55,1.0,609.0,62,177,0.35,45.0,135.0,0.333,17,42,0.405,0.477,29,31,0.935,6.0,50.0,56.0,35,14.0,3.0,19.0,47,198
CJ Elleby,1517981,2022,SF,21,POR,58,28.0,1174.0,121,308,0.393,37.0,126.0,0.294,84,182,0.462,0.453,60,84,0.714,66.0,161.0,227.0,87,35.0,19.0,56.0,116,339
Elijah Hughes,1517981,2022,SG-SF,23,TOT,36,4.0,434.0,47,144,0.326,25.0,95.0,0.263,22,49,0.449,0.413,7,9,0.778,6.0,52.0,58.0,22,14.0,8.0,17.0,39,126
Jahmi'us Ramsey,1517981,2022,SG,20,SAC,19,0.0,134.0,24,58,0.414,5.0,18.0,0.278,19,40,0.475,0.457,7,14,0.5,4.0,9.0,13.0,7,1.0,1.0,5.0,10,60
Tre Jones,1517981,2022,PG,22,SAS,69,11.0,1148.0,166,339,0.49,10.0,51.0,0.196,156,288,0.542,0.504,71,91,0.78,29.0,126.0,155.0,233,42.0,7.0,46.0,78,413
Anthony Gill,1517981,2022,PF,29,WAS,44,0.0,463.0,62,109,0.569,14.0,26.0,0.538,48,83,0.578,0.633,42,52,0.808,33.0,52.0,85.0,27,5.0,11.0,18.0,58,180
Isaiah Todd,1500000,2022,PF,20,WAS,12,0.0,74.0,7,26,0.269,4.0,16.0,0.25,3,10,0.3,0.346,2,6,0.333,3.0,9.0,12.0,4,4.0,2.0,4.0,4,20
Saben Lee,1489065,2022,PG,22,DET,37,0.0,604.0,69,177,0.39,14.0,60.0,0.233,55,117,0.47,0.429,56,71,0.789,18.0,69.0,87.0,107,36.0,12.0,36.0,44,208
Omer Yurtseven,1489065,2022,C,23,MIA,56,12.0,706.0,130,247,0.526,1.0,11.0,0.091,129,236,0.547,0.528,38,61,0.623,85.0,209.0,294.0,49,17.0,20.0,41.0,84,299
Stanley Johnson,1368998,2022,PF,25,LAL,48,27.0,1094.0,117,251,0.466,33.0,105.0,0.314,84,146,0.575,0.532,53,74,0.716,34.0,121.0,155.0,80,43.0,14.0,35.0,109,320
Aaron Wiggins,1305761,2022,SG,23,OKC,50,35.0,1209.0,156,337,0.463,42.0,138.0,0.304,114,199,0.573,0.525,62,85,0.729,51.0,127.0,178.0,68,30.0,10.0,54.0,93,416
Marquese Chriss,1292900,2022,PF,24,DAL,34,0.0,346.0,62,134,0.463,8.0,25.0,0.32,54,109,0.495,0.493,22,33,0.667,33.0,70.0,103.0,17,13.0,12.0,17.0,64,154
JT Thor,1250000,2022,PF,19,CHO,33,0.0,262.0,24,55,0.436,7.0,27.0,0.259,17,28,0.607,0.5,12,20,0.6,11.0,32.0,43.0,19,8.0,11.0,10.0,26,67
Jabari Parker,1168286,2022,PF,26,BOS,12,0.0,112.0,18,38,0.474,8.0,16.0,0.5,10,22,0.455,0.579,9,9,1.0,5.0,23.0,28.0,6,4.0,1.0,8.0,13,53
Alfonzo McKinnie,1090007,2022,SF,29,CHI,17,3.0,206.0,24,61,0.393,9.0,27.0,0.333,15,34,0.441,0.467,2,8,0.25,13.0,20.0,33.0,5,2.0,3.0,7.0,26,59
Isaiah Livers,1057260,2022,SF,23,DET,19,5.0,383.0,41,90,0.456,27.0,64.0,0.422,14,26,0.538,0.606,12,14,0.857,15.0,42.0,57.0,21,13.0,7.0,15.0,37,121
Denzel Valentine,1005633,2022,SG,28,TOT,24,0.0,222.0,25,66,0.379,19.0,47.0,0.404,6,19,0.316,0.523,0,0,,9.0,33.0,42.0,11,8.0,0.0,12.0,20,69
Alize Johnson,1003740,2022,PF,25,TOT,23,0.0,167.0,17,39,0.436,0.0,4.0,0.0,17,35,0.486,0.436,7,12,0.583,28.0,33.0,61.0,9,5.0,0.0,12.0,18,41
Kelan Martin,993760,2022,SF,26,TOT,30,1.0,450.0,70,171,0.409,22.0,75.0,0.293,48,96,0.5,0.474,9,13,0.692,17.0,38.0,55.0,21,13.0,9.0,14.0,36,171
Miye Oni,946261,2022,SG,24,UTA,16,0.0,44.0,2,9,0.222,1.0,8.0,0.125,1,1,1.0,0.278,0,1,0.0,1.0,6.0,7.0,5,0.0,0.0,1.0,7,5
Ayo Dosunmu,925258,2022,SG,22,CHI,77,40.0,2110.0,278,535,0.52,70.0,186.0,0.376,208,349,0.596,0.585,53,78,0.679,27.0,187.0,214.0,256,60.0,29.0,108.0,182,679
Marko Simonovic,925258,2022,C,22,CHI,9,0.0,35.0,4,15,0.267,1.0,5.0,0.2,3,10,0.3,0.3,8,11,0.727,5.0,5.0,10.0,0,1.0,1.0,2.0,6,17
Luka Garza,925258,2022,C,23,DET,32,5.0,389.0,66,147,0.449,16.0,49.0,0.327,50,98,0.51,0.503,38,61,0.623,58.0,42.0,100.0,20,9.0,6.0,18.0,55,186
Austin Reaves,925258,2022,SG,23,LAL,61,19.0,1418.0,146,318,0.459,53.0,167.0,0.317,93,151,0.616,0.542,99,118,0.839,45.0,148.0,193.0,110,29.0,20.0,40.0,87,444
Miles McBride,925258,2022,PG,21,NYK,40,2.0,372.0,32,108,0.296,17.0,68.0,0.25,15,40,0.375,0.375,8,12,0.667,4.0,38.0,42.0,41,14.0,1.0,5.0,45,89
Vit Krejci,925258,2022,SG,21,OKC,30,8.0,690.0,68,167,0.407,32.0,98.0,0.327,36,69,0.522,0.503,19,22,0.864,18.0,83.0,101.0,57,19.0,8.0,29.0,65,187
Charles Bassey,925258,2022,C,21,PHI,23,0.0,168.0,30,47,0.638,0.0,4.0,0.0,30,43,0.698,0.638,9,12,0.75,22.0,40.0,62.0,7,5.0,17.0,8.0,32,69
Jock Landale,925258,2022,C,26,SAS,54,1.0,589.0,101,204,0.495,29.0,89.0,0.326,72,115,0.626,0.566,34,41,0.829,63.0,75.0,138.0,45,10.0,14.0,31.0,53,265
Dalano Banton,925258,2022,PG,22,TOR,64,1.0,696.0,83,202,0.411,13.0,51.0,0.255,70,151,0.464,0.443,26,44,0.591,38.0,86.0,124.0,99,28.0,10.0,53.0,68,205
Jared Butler,925258,2022,SG,21,UTA,42,1.0,360.0,61,151,0.404,28.0,88.0,0.318,33,63,0.524,0.497,11,16,0.688,5.0,40.0,45.0,63,17.0,8.0,33.0,47,161
Daishen Nix,923078,2022,SG,19,HOU,24,0.0,261.0,27,67,0.403,7.0,26.0,0.269,20,41,0.488,0.455,16,30,0.533,7.0,26.0,33.0,40,15.0,0.0,26.0,21,77
Isaiah Thomas,910926,2022,PG,32,TOT,22,1.0,333.0,67,167,0.401,28.0,83.0,0.337,39,84,0.464,0.485,22,26,0.846,4.0,25.0,29.0,34,7.0,5.0,15.0,34,184
Terry Taylor,895125,2022,PF,22,IND,33,7.0,714.0,135,220,0.614,12.0,38.0,0.316,123,182,0.676,0.641,36,51,0.706,95.0,77.0,172.0,41,14.0,8.0,23.0,61,318
Mamadi Diakite,869078,2022,PF,25,OKC,13,3.0,188.0,25,47,0.532,0.0,5.0,0.0,25,42,0.595,0.532,6,11,0.545,17.0,42.0,59.0,2,5.0,9.0,7.0,33,56
Caleb Martin,844011,2022,SF,26,MIA,60,12.0,1372.0,208,410,0.507,64.0,155.0,0.413,144,255,0.565,0.585,71,93,0.763,70.0,160.0,230.0,64,58.0,30.0,52.0,104,551
Brad Wanamaker,814918,2022,PG,32,TOT,23,2.0,320.0,28,77,0.364,4.0,17.0,0.235,24,60,0.4,0.39,23,25,0.92,6.0,33.0,39.0,55,7.0,6.0,23.0,45,83
Luke Kornet,812364,2022,C,26,TOT,15,0.0,103.0,13,27,0.481,0.0,5.0,0.0,13,22,0.591,0.481,4,6,0.667,13.0,16.0,29.0,9,3.0,3.0,0.0,9,30
Wayne Selden,812363,2022,SG,27,NYK,3,0.0,19.0,1,4,0.25,1.0,2.0,0.5,0,2,0.0,0.375,2,4,0.5,0.0,1.0,1.0,1,0.0,0.0,0.0,1,5
Gary Clark,811213,2022,PF,27,NOP,38,1.0,378.0,33,88,0.375,28.0,70.0,0.4,5,18,0.278,0.534,7,10,0.7,23.0,67.0,90.0,18,13.0,7.0,10.0,20,101
Ryan Arcidiacono,774727,2022,PG,27,NYK,10,0.0,76.0,6,12,0.5,4.0,9.0,0.444,2,3,0.667,0.667,0,0,,0.0,8.0,8.0,4,1.0,0.0,3.0,5,16
Trendon Watford,768830,2022,SF,21,POR,48,10.0,869.0,142,267,0.532,9.0,38.0,0.237,133,229,0.581,0.549,71,94,0.755,57.0,142.0,199.0,81,25.0,28.0,44.0,116,364
Devontae Cacok,726128,2022,PF,25,SAS,15,0.0,121.0,21,31,0.677,0.0,0.0,,21,31,0.677,0.677,4,7,0.571,8.0,34.0,42.0,6,8.0,7.0,3.0,16,46
Admiral Schofield,723741,2022,SF,24,ORL,38,1.0,469.0,54,129,0.419,26.0,79.0,0.329,28,50,0.56,0.519,12,15,0.8,17.0,72.0,89.0,25,4.0,5.0,21.0,58,146
Malik Fitts,630874,2022,PF,24,TOT,15,0.0,63.0,8,19,0.421,5.0,10.0,0.5,3,9,0.333,0.553,0,0,,2.0,15.0,17.0,5,0.0,0.0,2.0,4,21
Sam Hauser,619498,2022,SF,24,BOS,26,0.0,158.0,23,50,0.46,19.0,44.0,0.432,4,6,0.667,0.65,0,0,,5.0,24.0,29.0,10,1.0,2.0,2.0,7,65
Greg Monroe,612805,2022,C,31,TOT,14,0.0,195.0,32,57,0.561,0.0,0.0,,32,57,0.561,0.561,12,23,0.522,30.0,34.0,64.0,22,8.0,10.0,12.0,24,76
Amir Coffey,573576,2022,SG,24,LAC,69,30.0,1567.0,211,466,0.453,96.0,254.0,0.378,115,212,0.542,0.556,101,117,0.863,26.0,171.0,197.0,124,38.0,15.0,45.0,87,619
Joe Wieskamp,563663,2022,SG,22,SAS,29,0.0,205.0,20,56,0.357,14.0,43.0,0.326,6,13,0.462,0.482,7,13,0.538,4.0,10.0,14.0,9,4.0,3.0,2.0,14,61
Keifer Sykes,558345,2022,PG,28,IND,32,11.0,566.0,69,190,0.363,27.0,90.0,0.3,42,100,0.42,0.434,15,17,0.882,8.0,37.0,45.0,62,12.0,4.0,33.0,51,180
Haywood Highsmith,547701,2022,SF,25,MIA,19,1.0,163.0,16,46,0.348,9.0,28.0,0.321,7,18,0.389,0.446,2,5,0.4,10.0,16.0,26.0,6,2.0,3.0,3.0,13,43
Nik Stauskas,534993,2022,SG,28,TOT,8,0.0,39.0,5,14,0.357,4.0,10.0,0.4,1,4,0.25,0.5,4,6,0.667,1.0,2.0,3.0,2,0.0,0.0,1.0,1,18
Davon Reed,532398,2022,SG,26,DEN,48,5.0,668.0,81,161,0.503,37.0,86.0,0.43,44,75,0.587,0.618,10,15,0.667,14.0,94.0,108.0,53,24.0,9.0,16.0,63,209
Wenyen Gabriel,522015,2022,PF,24,TOT,26,5.0,358.0,54,110,0.491,8.0,28.0,0.286,46,82,0.561,0.527,25,42,0.595,39.0,58.0,97.0,14,5.0,11.0,16.0,68,141
Skylar Mays,510907,2022,SG,24,ATL,28,5.0,220.0,32,64,0.5,8.0,25.0,0.32,24,39,0.615,0.563,8,9,0.889,5.0,20.0,25.0,17,7.0,0.0,10.0,9,80
Georgios Kalaitzakis,499852,2022,SF,23,TOT,13,4.0,214.0,31,67,0.463,10.0,26.0,0.385,21,41,0.512,0.537,14,30,0.467,6.0,15.0,21.0,12,11.0,2.0,20.0,19,86
Chris Silva,479650,2022,PF,25,TOT,10,0.0,91.0,8,15,0.533,0.0,0.0,,8,15,0.533,0.533,10,12,0.833,13.0,23.0,36.0,7,0.0,1.0,8.0,20,26
Kessler Edwards,463211,2022,SF,21,BRK,48,23.0,987.0,110,267,0.412,48.0,136.0,0.353,62,131,0.473,0.502,16,19,0.842,44.0,128.0,172.0,31,29.0,24.0,42.0,85,284
Trent Forrest,463211,2022,PG,23,UTA,60,6.0,765.0,76,155,0.49,5.0,27.0,0.185,71,128,0.555,0.506,38,48,0.792,23.0,76.0,99.0,106,30.0,6.0,48.0,43,195
Sharife Cooper,462629,2022,PG,20,ATL,13,0.0,39.0,3,14,0.214,1.0,6.0,0.167,2,8,0.25,0.25,0,0,,0.0,5.0,5.0,5,0.0,0.0,5.0,1,7
Brodric Thomas,462629,2022,SG,25,BOS,12,0.0,60.0,8,18,0.444,2.0,9.0,0.222,6,9,0.667,0.5,3,5,0.6,2.0,8.0,10.0,11,1.0,1.0,6.0,7,21
Scottie Lewis,462629,2022,SG,21,CHO,2,0.0,7.0,0,0,,0.0,0.0,,0,0,,,1,2,0.5,0.0,0.0,0.0,1,1.0,0.0,0.0,0,1
Arnoldas Kulboka,462629,2022,SF,24,CHO,2,0.0,5.0,0,1,0.0,0.0,1.0,0.0,0,0,,0.0,0,0,,0.0,0.0,0.0,0,0.0,0.0,0.0,1,0
Tyler Cook,462629,2022,PF,24,CHI,20,2.0,200.0,23,38,0.605,0.0,0.0,,23,38,0.605,0.605,21,32,0.656,16.0,37.0,53.0,3,4.0,4.0,7.0,28,67
Markus Howard,462629,2022,SG,22,DEN,31,0.0,176.0,39,101,0.386,28.0,70.0,0.4,11,31,0.355,0.525,20,23,0.87,2.0,10.0,12.0,7,9.0,0.0,7.0,17,126
Jamorko Pickett,462629,2022,PF,24,DET,13,0.0,176.0,18,50,0.36,13.0,39.0,0.333,5,11,0.455,0.49,1,2,0.5,6.0,26.0,32.0,7,0.0,7.0,5.0,12,50
Chris Chiozza,462629,2022,PG,26,GSW,34,1.0,372.0,24,81,0.296,17.0,53.0,0.321,7,28,0.25,0.401,2,3,0.667,9.0,27.0,36.0,65,13.0,0.0,32.0,32,67
Jay Scrubb,462629,2022,SG,21,LAC,18,0.0,121.0,18,46,0.391,6.0,21.0,0.286,12,25,0.48,0.457,7,10,0.7,2.0,14.0,16.0,8,4.0,3.0,7.0,9,49
Yves Pons,462629,2022,SF,22,MEM,12,0.0,71.0,5,16,0.313,3.0,9.0,0.333,2,7,0.286,0.406,0,2,0.0,5.0,7.0,12.0,1,1.0,4.0,1.0,6,13
Sandro Mamukelashvili,462629,2022,PF,22,MIL,41,3.0,407.0,57,115,0.496,22.0,52.0,0.423,35,63,0.556,0.591,18,22,0.818,35.0,47.0,82.0,22,9.0,9.0,15.0,28,154
Nathan Knight,462629,2022,PF,24,MIN,37,2.0,267.0,45,88,0.511,4.0,13.0,0.308,41,75,0.547,0.534,44,60,0.733,32.0,53.0,85.0,22,7.0,8.0,18.0,42,138
Jericho Sims,462629,2022,PF,23,NYK,41,5.0,555.0,39,54,0.722,0.0,0.0,,39,54,0.722,0.722,12,29,0.414,61.0,108.0,169.0,21,11.0,22.0,20.0,66,90
Ignas Brazdeikis,462629,2022,SF,23,ORL,42,1.0,536.0,81,188,0.431,27.0,87.0,0.31,54,101,0.535,0.503,21,32,0.656,23.0,49.0,72.0,37,10.0,3.0,17.0,48,210
Keljin Blevins,462629,2022,SF,26,POR,31,1.0,349.0,34,111,0.306,21.0,72.0,0.292,13,39,0.333,0.401,6,11,0.545,16.0,29.0,45.0,19,13.0,1.0,17.0,29,95
Neemias Queta,462629,2022,C,22,SAC,15,0.0,120.0,17,38,0.447,0.0,0.0,,17,38,0.447,0.447,11,17,0.647,14.0,17.0,31.0,6,1.0,8.0,6.0,18,45
David Johnson,462629,2022,SG,20,TOR,2,0.0,2.0,0,1,0.0,0.0,1.0,0.0,0,0,,0.0,0,0,,0.0,0.0,0.0,0,0.0,0.0,0.0,0,0
Justin Champagnie,462629,2022,SF,20,TOR,36,0.0,281.0,31,67,0.463,10.0,28.0,0.357,21,39,0.538,0.537,9,9,1.0,37.0,35.0,72.0,11,8.0,4.0,8.0,32,81
Joel Ayayi,462629,2022,SG,21,WAS,7,0.0,20.0,1,6,0.167,0.0,1.0,0.0,1,5,0.2,0.167,0,0,,1.0,2.0,3.0,4,0.0,0.0,0.0,0,2
Cassius Winston,462629,2022,PG,23,WAS,7,0.0,39.0,4,11,0.364,2.0,6.0,0.333,2,5,0.4,0.455,4,4,1.0,0.0,1.0,1.0,7,0.0,0.0,3.0,9,14
Justin Anderson,445828,2022,SF,28,TOT,16,6.0,316.0,36,95,0.379,15.0,59.0,0.254,21,36,0.583,0.458,15,19,0.789,4.0,42.0,46.0,33,8.0,6.0,8.0,22,102
Theo Pinson,440710,2022,SF,26,DAL,19,0.0,148.0,14,39,0.359,10.0,30.0,0.333,4,9,0.444,0.487,10,10,1.0,2.0,19.0,21.0,17,5.0,2.0,5.0,12,48
Langston Galloway,386127,2022,SG,30,TOT,7,0.0,107.0,6,26,0.231,2.0,16.0,0.125,4,10,0.4,0.269,0,0,,3.0,15.0,18.0,12,1.0,0.0,6.0,7,14
Tim Frazier,386127,2022,PG,31,TOT,12,3.0,208.0,14,45,0.311,6.0,17.0,0.353,8,28,0.286,0.378,5,9,0.556,5.0,14.0,19.0,34,3.0,1.0,15.0,27,39
Kyle Guy,383079,2022,SG,24,MIA,19,0.0,186.0,26,65,0.4,14.0,40.0,0.35,12,25,0.48,0.508,8,12,0.667,4.0,13.0,17.0,17,7.0,1.0,13.0,12,74
Sam Dekker,350000,2022,PF,27,TOR,1,0.0,1.0,0,0,,0.0,0.0,,0,0,,,0,0,,0.0,0.0,0.0,0,0.0,0.0,0.0,0,0
Quinndary Weatherspoon,346491,2022,SG,25,GSW,11,0.0,73.0,12,21,0.571,1.0,5.0,0.2,11,16,0.688,0.595,5,5,1.0,2.0,12.0,14.0,5,1.0,1.0,3.0,15,30
Brandon Goodwin,343988,2022,PG,26,CLE,36,5.0,502.0,64,154,0.416,19.0,55.0,0.345,45,99,0.455,0.477,24,38,0.632,14.0,53.0,67.0,91,25.0,1.0,36.0,39,171
Malcolm Hill,324373,2022,SF-SG,26,TOT,19,0.0,212.0,24,52,0.462,13.0,36.0,0.361,11,16,0.688,0.587,11,14,0.786,11.0,24.0,35.0,8,7.0,3.0,3.0,24,72
Louis King,316396,2022,SF,22,SAC,10,0.0,104.0,15,47,0.319,8.0,27.0,0.296,7,20,0.35,0.404,7,10,0.7,0.0,12.0,12.0,9,2.0,1.0,0.0,14,45
Justin Jackson,308493,2022,SF,26,TOT,7,0.0,37.0,5,15,0.333,3.0,9.0,0.333,2,6,0.333,0.433,2,2,1.0,1.0,6.0,7.0,2,0.0,0.0,1.0,3,15
Shaquille Harrison,308493,2022,SG,28,BRK,2,0.0,23.0,2,6,0.333,0.0,2.0,0.0,2,4,0.5,0.333,0,0,,1.0,3.0,4.0,3,1.0,1.0,2.0,3,4
Jeff Dowtin,305761,2022,PG,24,TOT,9,0.0,108.0,8,26,0.308,1.0,9.0,0.111,7,17,0.412,0.327,2,2,1.0,8.0,10.0,18.0,10,5.0,1.0,5.0,5,19
Trevelin Queen,303102,2022,SG,24,HOU,10,0.0,74.0,15,33,0.455,9.0,24.0,0.375,6,9,0.667,0.591,4,4,1.0,7.0,9.0,16.0,4,5.0,1.0,7.0,6,43
Paul Watson,303102,2022,SF,27,OKC,9,3.0,156.0,12,35,0.343,6.0,26.0,0.231,6,9,0.667,0.429,1,2,0.5,3.0,24.0,27.0,8,3.0,3.0,4.0,10,31
Myles Powell,300443,2022,PG,24,PHI,11,0.0,52.0,5,17,0.294,1.0,6.0,0.167,4,11,0.364,0.324,2,2,1.0,1.0,5.0,6.0,3,1.0,0.0,3.0,8,13
Mason Jones,295125,2022,SG,23,LAL,4,0.0,51.0,7,15,0.467,1.0,4.0,0.25,6,11,0.545,0.5,12,15,0.8,1.0,9.0,10.0,4,2.0,0.0,1.0,8,27
Eugene Omoruyi,281831,2022,SF,24,DAL,4,0.0,18.0,2,5,0.4,1.0,2.0,0.5,1,3,0.333,0.5,2,4,0.5,2.0,5.0,7.0,2,0.0,0.0,0.0,2,7
Brandon Knight,274672,2022,PG,30,DAL,5,0.0,65.0,10,25,0.4,4.0,17.0,0.235,6,8,0.75,0.48,8,8,1.0,0.0,8.0,8.0,8,1.0,0.0,4.0,5,32
Justin Robinson,265953,2022,PG,24,TOT,25,0.0,304.0,28,93,0.301,18.0,61.0,0.295,10,32,0.313,0.398,4,8,0.5,4.0,17.0,21.0,32,9.0,1.0,17.0,27,78
Mychal Mulder,257902,2022,PG,27,TOT,17,3.0,239.0,24,77,0.312,17.0,54.0,0.315,7,23,0.304,0.422,4,4,1.0,2.0,22.0,24.0,5,4.0,2.0,8.0,13,69
Tyler Johnson,257418,2022,PG,29,TOT,6,0.0,91.0,6,20,0.3,5.0,13.0,0.385,1,7,0.143,0.425,0,0,,3.0,9.0,12.0,7,3.0,3.0,2.0,7,17
Cassius Stanley,256734,2022,SG,22,DET,9,1.0,155.0,19,46,0.413,4.0,17.0,0.235,15,29,0.517,0.457,10,10,1.0,5.0,14.0,19.0,4,5.0,2.0,6.0,17,52
Zylan Cheatham,256734,2022,SF,26,UTA,1,0.0,5.0,0,3,0.0,0.0,2.0,0.0,0,1,0.0,0.0,0,0,,0.0,0.0,0.0,0,0.0,0.0,0.0,0,0
Devon Dotson,239291,2022,PG,22,CHI,11,0.0,85.0,11,23,0.478,2.0,9.0,0.222,9,14,0.643,0.522,5,9,0.556,1.0,8.0,9.0,15,1.0,0.0,5.0,11,29
Marcus Garrett,236632,2022,SG,23,MIA,12,0.0,128.0,5,21,0.238,1.0,4.0,0.25,4,17,0.235,0.262,2,5,0.4,9.0,14.0,23.0,7,5.0,3.0,2.0,16,13
Lindell Wigginton,233973,2022,PG,23,MIL,19,0.0,199.0,26,61,0.426,9.0,26.0,0.346,17,35,0.486,0.5,19,35,0.543,3.0,22.0,25.0,23,5.0,1.0,12.0,17,80
Jay Huff,225997,2022,C,23,LAL,4,0.0,20.0,0,3,0.0,0.0,2.0,0.0,0,1,0.0,0.0,0,0,,1.0,3.0,4.0,1,1.0,1.0,1.0,1,0
Olivier Sarr,223339,2022,C,22,OKC,22,2.0,421.0,58,101,0.574,13.0,29.0,0.448,45,72,0.625,0.639,24,29,0.828,34.0,59.0,93.0,19,6.0,15.0,22.0,52,153
Aaron Henry,223338,2022,SF,22,PHI,6,0.0,17.0,1,5,0.2,0.0,1.0,0.0,1,4,0.25,0.2,0,0,,0.0,1.0,1.0,0,0.0,2.0,2.0,2,2
Freddie Gillespie,221156,2022,PF,24,ORL,9,2.0,119.0,9,22,0.409,0.0,1.0,0.0,9,21,0.429,0.409,3,7,0.429,13.0,23.0,36.0,5,3.0,9.0,5.0,18,21
JaQuori McLaughlin,220679,2022,PG,24,DAL,4,0.0,11.0,0,2,0.0,0.0,1.0,0.0,0,1,0.0,0.0,0,0,,0.0,0.0,0.0,2,0.0,0.0,0.0,1,0
Rayjon Tucker,220639,2022,SG,24,TOT,5,0.0,71.0,6,9,0.667,4.0,5.0,0.8,2,4,0.5,0.889,5,7,0.714,3.0,5.0,8.0,10,4.0,0.0,1.0,5,21
Tacko Fall,218021,2022,C,26,CLE,11,1.0,59.0,5,12,0.417,0.0,0.0,,5,12,0.417,0.417,2,7,0.286,7.0,16.0,23.0,2,0.0,6.0,3.0,3,12
Petr Cornelie,218021,2022,PF,26,DEN,13,0.0,38.0,5,15,0.333,1.0,8.0,0.125,4,7,0.571,0.367,3,4,0.75,7.0,7.0,14.0,3,1.0,1.0,4.0,7,14
Juwan Morgan,211046,2022,PF,24,TOT,2,0.0,31.0,2,3,0.667,1.0,2.0,0.5,1,1,1.0,0.833,0,0,,2.0,2.0,4.0,1,0.0,0.0,0.0,3,5
Damyean Dotson,205662,2022,SG,27,NYK,2,0.0,21.0,2,4,0.5,0.0,1.0,0.0,2,3,0.667,0.5,0,0,,0.0,2.0,2.0,1,0.0,0.0,0.0,0,4
Xavier Moon,202069,2022,SG,27,LAC,10,0.0,137.0,25,51,0.49,5.0,14.0,0.357,20,37,0.541,0.539,3,5,0.6,2.0,12.0,14.0,24,7.0,3.0,6.0,9,58
Tyrone Wallace,198760,2022,SG,27,NOP,6,0.0,75.0,7,20,0.35,2.0,8.0,0.25,5,12,0.417,0.4,1,5,0.2,0.0,8.0,8.0,1,3.0,1.0,2.0,7,17
Norvel Pelle,191860,2022,C,28,UTA,3,0.0,19.0,3,5,0.6,0.0,0.0,,3,5,0.6,0.6,0,0,,3.0,3.0,6.0,0,0.0,1.0,2.0,1,6
Jaylen Hoard,191860,2022,SF,22,OKC,7,5.0,240.0,44,90,0.489,9.0,25.0,0.36,35,65,0.538,0.539,6,14,0.429,30.0,54.0,84.0,17,6.0,5.0,8.0,14,103
Tremont Waters,191860,2022,PG,24,TOT,3,0.0,50.0,4,14,0.286,2.0,9.0,0.222,2,5,0.4,0.357,0,0,,0.0,4.0,4.0,7,5.0,0.0,4.0,4,10
Reggie Perry,188272,2022,PF,21,TOT,10,1.0,187.0,40,79,0.506,3.0,16.0,0.188,37,63,0.587,0.525,9,15,0.6,15.0,32.0,47.0,12,9.0,6.0,11.0,33,92
Devin Cannady,185578,2022,PG,25,ORL,5,0.0,145.0,15,44,0.341,15.0,37.0,0.405,0,7,0.0,0.511,5,7,0.714,1.0,5.0,6.0,10,5.0,3.0,5.0,9,50
Brandon Williams,180798,2022,PG,22,POR,24,16.0,640.0,105,282,0.372,31.0,106.0,0.292,74,176,0.42,0.427,68,97,0.701,19.0,55.0,74.0,94,24.0,10.0,58.0,52,309
Moses Wright,172821,2022,PF,23,TOT,4,0.0,14.0,1,4,0.25,0.0,1.0,0.0,1,3,0.333,0.25,3,3,1.0,1.0,2.0,3.0,2,0.0,1.0,0.0,0,5
DeJon Jarreau,172821,2022,SG,24,IND,1,0.0,1.0,0,0,,0.0,0.0,,0,0,,,0,0,,0.0,0.0,0.0,0,0.0,0.0,0.0,0,0
Dakota Mathias,171156,2022,SG,26,MEM,6,0.0,16.0,2,6,0.333,2.0,6.0,0.333,0,0,,0.5,0,0,,0.0,2.0,2.0,1,1.0,0.0,0.0,1,6
Matt Mooney,171156,2022,SG,24,NYK,1,0.0,2.0,0,1,0.0,0.0,1.0,0.0,0,0,,0.0,0,0,,0.0,0.0,0.0,0,1.0,0.0,1.0,0,0
Lindy Waters III,159527,2022,SG,24,OKC,25,1.0,465.0,71,175,0.406,53.0,146.0,0.363,18,29,0.621,0.557,4,5,0.8,6.0,67.0,73.0,24,19.0,8.0,11.0,31,199
Joe Johnson,151821,2022,SG,40,BOS,1,0.0,2.0,1,1,1.0,0.0,0.0,,1,1,1.0,1.0,0,0,,0.0,0.0,0.0,0,0.0,0.0,0.0,0,2
Darren Collison,151821,2022,PG,34,LAL,3,0.0,37.0,2,7,0.286,0.0,3.0,0.0,2,4,0.5,0.286,0,0,,0.0,4.0,4.0,2,1.0,0.0,1.0,5,4
Xavier Sneed,146233,2022,SF,24,TOT,9,0.0,39.0,2,10,0.2,1.0,8.0,0.125,1,2,0.5,0.25,0,0,,2.0,4.0,6.0,1,0.0,0.0,0.0,2,5
Anthony Lamb,136095,2022,SF,24,SAS,2,0.0,8.0,0,2,0.0,0.0,2.0,0.0,0,0,,0.0,0,0,,0.0,1.0,1.0,2,0.0,0.0,0.0,0,0
Braxton Key,127622,2022,SF,24,TOT,11,0.0,197.0,33,72,0.458,6.0,21.0,0.286,27,51,0.529,0.5,7,13,0.538,13.0,37.0,50.0,11,10.0,11.0,11.0,26,79
Feron Hunt,116987,2022,SF,22,NYK,2,0.0,8.0,0,2,0.0,0.0,0.0,,0,2,0.0,0.0,0,0,,1.0,0.0,1.0,1,1.0,0.0,1.0,1,0
Mac McClung,111670,2022,SG-PG,23,TOT,2,0.0,25.0,3,6,0.5,1.0,3.0,0.333,2,3,0.667,0.583,1,1,1.0,0.0,3.0,3.0,1,1.0,1.0,3.0,5,8
Matt Ryan,111669,2022,SF,24,BOS,1,0.0,5.0,1,5,0.2,1.0,5.0,0.2,0,0,,0.3,0,0,,0.0,0.0,0.0,0,1.0,0.0,0.0,0,3
Emmanuel Mudiay,111457,2022,PG,25,SAC,2,0.0,11.0,0,2,0.0,0.0,0.0,,0,2,0.0,0.0,3,4,0.75,0.0,0.0,0.0,4,1.0,0.0,1.0,1,3
Carlik Jones,106352,2022,PG,24,TOT,5,0.0,23.0,1,9,0.111,0.0,1.0,0.0,1,8,0.125,0.111,2,2,1.0,1.0,2.0,3.0,5,1.0,0.0,3.0,0,4
Hassani Gravett,106352,2022,PG,25,ORL,8,3.0,171.0,18,38,0.474,11.0,26.0,0.423,7,12,0.583,0.618,3,4,0.75,1.0,20.0,21.0,20,5.0,1.0,9.0,13,50
Paris Bass,106352,2022,SF,26,PHO,2,0.0,7.0,2,6,0.333,0.0,2.0,0.0,2,4,0.5,0.333,2,2,1.0,2.0,2.0,4.0,0,1.0,0.0,2.0,2,6
Jordan Bell,102831,2022,C,27,CHI,1,0.0,2.0,0,0,,0.0,0.0,,0,0,,,0,0,,1.0,0.0,1.0,0,1.0,0.0,0.0,2,0
Cheick Diallo,102831,2022,C,25,DET,3,0.0,31.0,3,8,0.375,0.0,0.0,,3,8,0.375,0.375,5,6,0.833,4.0,8.0,12.0,0,1.0,0.0,1.0,6,11
Nate Hinton,96213,2022,SG,22,IND,2,0.0,2.0,0,1,0.0,0.0,0.0,,0,1,0.0,0.0,0,0,,0.0,0.0,0.0,0,0.0,0.0,1.0,0,0
Derrick Walton,95930,2022,PG,26,DET,3,3.0,108.0,6,26,0.231,3.0,13.0,0.231,3,13,0.231,0.288,4,4,1.0,2.0,8.0,10.0,21,7.0,4.0,11.0,8,19
DaQuan Jeffries,95930,2022,SG,24,MEM,3,0.0,9.0,1,2,0.5,0.0,1.0,0.0,1,1,1.0,0.5,0,0,,0.0,2.0,2.0,1,0.0,0.0,0.0,1,2
Scotty Hopson,95930,2022,SG,32,OKC,1,0.0,18.0,2,4,0.5,0.0,1.0,0.0,2,3,0.667,0.5,0,0,,0.0,1.0,1.0,1,0.0,0.0,2.0,1,4
Jaylen Morris,95930,2022,SG,26,SAS,3,0.0,16.0,0,6,0.0,0.0,2.0,0.0,0,4,0.0,0.0,2,4,0.5,0.0,2.0,2.0,2,0.0,0.0,1.0,2,2
Cameron Oliver,85578,2022,SF,25,ATL,2,0.0,43.0,10,15,0.667,1.0,3.0,0.333,9,12,0.75,0.7,2,3,0.667,2.0,4.0,6.0,3,1.0,1.0,0.0,5,23
Malik Newman,85578,2022,PG,24,CLE,1,0.0,8.0,3,5,0.6,0.0,1.0,0.0,3,4,0.75,0.6,2,2,1.0,0.0,1.0,1.0,1,0.0,0.0,1.0,0,8
George King,85578,2022,SF,28,DAL,4,0.0,19.0,0,5,0.0,0.0,4.0,0.0,0,1,0.0,0.0,1,2,0.5,0.0,5.0,5.0,0,0.0,0.0,1.0,4,1
Jemerrio Jones,85578,2022,SF,26,LAL,2,0.0,15.0,2,3,0.667,0.0,0.0,,2,3,0.667,0.667,0,0,,2.0,1.0,3.0,0,1.0,0.0,0.0,2,4
Emanuel Terry,85578,2022,PF,25,PHO,3,0.0,18.0,0,5,0.0,0.0,0.0,,0,5,0.0,0.0,0,0,,8.0,7.0,15.0,2,1.0,0.0,5.0,4,0
Jared Harper,85081,2022,PG,24,NOP,5,0.0,43.0,14,26,0.538,5.0,12.0,0.417,9,14,0.643,0.635,4,4,1.0,2.0,0.0,2.0,14,4.0,1.0,2.0,5,37
Gabriel Lundberg,79764,2022,SG,27,PHO,4,0.0,44.0,5,19,0.263,3.0,8.0,0.375,2,11,0.182,0.342,0,0,,2.0,5.0,7.0,11,3.0,0.0,3.0,7,13
Tre Scott,53176,2022,SF,25,CLE,2,0.0,11.0,3,6,0.5,0.0,1.0,0.0,3,5,0.6,0.5,0,0,,1.0,1.0,2.0,0,1.0,1.0,0.0,2,6
Trayvon Palmer,53176,2022,SG,27,DET,1,0.0,17.0,0,1,0.0,0.0,0.0,,0,1,0.0,0.0,0,0,,0.0,2.0,2.0,0,0.0,0.0,1.0,2,0
Micah Potter,53176,2022,C,23,DET,3,0.0,31.0,5,11,0.455,0.0,2.0,0.0,5,9,0.556,0.455,2,2,1.0,4.0,5.0,9.0,0,1.0,1.0,1.0,4,12
Jaysean Paige,53176,2022,PG,27,DET,1,0.0,7.0,0,3,0.0,0.0,2.0,0.0,0,1,0.0,0.0,0,0,,0.0,1.0,1.0,1,0.0,0.0,1.0,2,0
Ahmad Caver,53176,2022,SG,25,IND,1,0.0,1.0,1,1,1.0,0.0,0.0,,1,1,1.0,1.0,0,0,,0.0,0.0,0.0,0,0.0,0.0,0.0,0,2
Shaq Buchanan,53176,2022,SG,25,MEM,2,0.0,10.0,1,4,0.25,0.0,2.0,0.0,1,2,0.5,0.25,0,0,,1.0,1.0,2.0,2,1.0,0.0,2.0,1,2
Jon Teske,53176,2022,C,24,MEM,3,0.0,8.0,0,1,0.0,0.0,0.0,,0,1,0.0,0.0,0,2,0.0,0.0,2.0,2.0,1,1.0,0.0,0.0,1,0
Javin DeLaurier,53176,2022,C,23,MIL,1,0.0,3.0,0,0,,0.0,0.0,,0,0,,,0,0,,0.0,1.0,1.0,0,1.0,0.0,0.0,1,0
Tyler Hall,53176,2022,SG,24,NYK,1,0.0,2.0,0,0,,0.0,0.0,,0,0,,,0,0,,0.0,0.0,0.0,0,0.0,0.0,0.0,0,0
Rob Edwards,53176,2022,SG,25,OKC,2,0.0,11.0,1,4,0.25,1.0,4.0,0.25,0,0,,0.375,0,0,,0.0,3.0,3.0,0,0.0,0.0,1.0,0,3
Aleem Ford,53176,2022,SF,24,ORL,5,0.0,74.0,6,20,0.3,2.0,15.0,0.133,4,5,0.8,0.35,0,0,,2.0,13.0,15.0,2,1.0,0.0,4.0,7,14
Cameron McGriff,53176,2022,SF,24,POR,3,0.0,46.0,5,14,0.357,2.0,6.0,0.333,3,8,0.375,0.429,2,2,1.0,6.0,9.0,15.0,3,0.0,1.0,0.0,7,14
Jarron Cumberland,53176,2022,SG,24,POR,3,0.0,12.0,1,2,0.5,0.0,1.0,0.0,1,1,1.0,0.5,0,0,,1.0,2.0,3.0,1,0.0,0.0,0.0,2,2
Ade Murkey,53176,2022,SG,24,SAC,1,0.0,1.0,0,0,,0.0,0.0,,0,0,,,0,0,,0.0,0.0,0.0,0,0.0,0.0,0.0,0,0
Jordan Schakel,53176,2022,SG,23,WAS,4,0.0,30.0,1,11,0.091,1.0,6.0,0.167,0,5,0.0,0.136,2,2,1.0,2.0,6.0,8.0,0,1.0,0.0,1.0,0,5
Jordan Goodwin,53176,2022,SG,23,WAS,2,0.0,6.0,0,3,0.0,0.0,1.0,0.0,0,2,0.0,0.0,0,0,,0.0,1.0,1.0,0,0.0,0.0,0.0,1,0
Craig Sword,53176,2022,SG,28,WAS,3,0.0,19.0,3,4,0.75,0.0,1.0,0.0,3,3,1.0,0.75,0,0,,0.0,0.0,0.0,1,4.0,0.0,1.0,7,6
Jaime Echenique,53176,2022,C,24,WAS,1,0.0,3.0,0,0,,0.0,0.0,,0,0,,,0,0,,0.0,0.0,0.0,0,0.0,0.0,0.0,0,0
Zavier Simpson,37223,2022,PG,24,OKC,4,4.0,174.0,19,52,0.365,1.0,8.0,0.125,18,44,0.409,0.375,5,5,1.0,2.0,19.0,21.0,30,5.0,4.0,10.0,15,44
Melvin Frazier,13294,2022,SG,25,OKC,3,0.0,120.0,13,48,0.271,1.0,21.0,0.048,12,27,0.444,0.281,5,7,0.714,5.0,8.0,13.0,1,1.0,0.0,3.0,8,32
